,Поставщик / Обжарщик,,,,,,,,,,,,,,,,,,,,,,,,,,,,,,,,,,,,,,,,,,,,,,,,,,,,,,,,,,,,,,,,,,,20.05.2024,,,,28.05.2024,,,,04.06.2024,,,25.06.2024,,,,03.07.2024,,,,23.07.2024,,,,09.09.2024,,,,04.07.2025,,,,05.08.2025,,,,13.03.2026
Наименование,,Самокиша ,Тургенева,"Самокиша 
02.09.23","Тургенева 
02.09.23","Самокиша 
10.09.23","Тургенева 
10.09.23","Самокиша 
17.09.23","Тургенева 
17.09.23","Самокиша 
23.09.23","Тургенева 
23.09.23","Самокиша 
01.10.23","Тургенева 
30.09.23","Самокиша 
08.10.23","Тургенева 
07.10.23","Тургенева 
14.10.23","Самокиша 
15.10.23","Тургенева 
04.11.23","Самокиша 
05.11.23","Тургенева 
14.11.23","Самокиша 
14.11.23","Тургенева 
19.11.23","Самокиша 
19.11.23","Тургенева 
26.11.23","Самокиша 
26.11.23","Тургенева 
03.12.23","Самокиша 
03.12.23","Тургенева 
11.12.23","Самокиша 
11.12.23","Тургенева 
18.12.23","Самокиша 
18.12.23","Тургенева 
05.01.2024","Самокиша 
05.01.2024","Тургенева 
15.01.2024","Самокиша 
15.01.2024","Тургенева 
04.02.2024","Самокиша 
04.02.2024","Тургенева 
12.02.2024","Самокиша 
12.02.2024","Тургенева 
19.02.2024","Самокиша 
19.02.2024","Тургенева 
25.02.2024","Самокиша 
25.02.2024","Тургенева 
03.03.2024","Самокиша 
03.03.2024","Тургенева 
10.03.2024","Самокиша 
10.03.2024","Тургенева 
17.03.2024","Самокиша 
17.03.2024","Тургенева 
24.03.2024","Самокиша 
24.03.2024","Общее количесто 24.03
(для сайта)","Тургенева 
31.03.2024","Самокиша 
01.04.2024","Общее количесто 01.04
(для сайта)","Тургенева 
07.04.2024","Самокиша 
07.04.2024","Общее количесто 07.04
(для сайта)","Тургенева 
14.04.2024","Самокиша 
14.04.2024","Общее количесто 14.04
(для сайта)","Тургенева 
22.04.2024","Самокиша 
22.04.2024","Общее количесто 22.04
(для сайта)","Тургенева 
12.05.2024","Самокиша 
12.05.2024","Общее количесто
(для сайта)",Тургенева ,Самокиша ,Луговая,"Общее количесто
(для сайта)",Тургенева ,Самокиша ,Луговая,"Общее количесто
(для сайта)",Тургенева ,Самокиша ,"Общее количесто
(для сайта)",Тургенева ,Самокиша ,Луговая,"Общее количесто
(для сайта)",Тургенева ,Самокиша ,Луговая,"Общее количесто
(для сайта)",Тургенева ,Самокиша ,Луговая,"Общее количесто
(для сайта)",Тургенева ,Самокиша ,Луговая,"Общее количесто
(для сайта)",Тургенева ,Самокиша ,Луговая,Общее количесто,Тургенева ,Самокиша ,Луговая,Общее количесто,Тургенева ,Самокиша ,Луговая,Общее количесто
Аксессуары для кофе / Сопутка |  TASTY
Воронка Hario,Tasty coffee,,,,,1,0,1,0,1,0,1,0,1,0,0,1,0,1,0,1,0,1,0,1,0,1,0,1,0,1,0,1,0,1,0,1,0,1,0,1,0,1,0,1,0,1,0,1,0,1,1,0,1,1,0,1,1,0,1,1,0,1,1,0,1,1,0,1,0,1,0,0,1,1,0,0,,0,0,1,1,0,0,1,1,0,0,1,1,0,0,1,1,0,0,0,0,0,0,0,0,0,0,0,0
Порошок для чистки кофемашин CAFIZA 2 (900 гр),Tasty coffee,,,,,,,,,,,,,,,,,,,,,,,,,,,,,,,,,,,,,,,,,,,,,,,,,,,,,,,,,,,,,,,,,,,,,,,,,,,,,,,,,,,,,,,,,,,,,,0,1,0,1,0,0,0,0,0,0,0,0
Средство CUP для удаления кофейных масел в порошке 1000 гр,,,,,,,,,,,,,,,,,,,,,,,,,,,,,,,,,,,,,,,,,,,,,,,,,,,,,,,,,,,,,,,,,,,,,,,,,,,,,,,,,,,,,,,,,,,,,,,,,,,0,1,0,1,0,0,0,0
Средство для удаления кофейных масел CUP (100 шт),,,,,,,,,,,,,,,,,,,,,,,,,,,,,,,,,,,,,,,,,,,,,,,,,,,,,,,,,,,,,,,,,,,,,,,,,,,,,,,,,,,,,,,,,,,,,,,,,,,,,,,5,4,0,9
Фильтр кемекс,Tasty coffee,,,,,0,1,0,1,0,1,0,1,0,1,1,0,1,0,1,0,1,0,1,0,1,0,1,0,1,0,1,0,1,0,1,0,1,0,1,0,0,1,0,1,0,1,0,1,0,1,1,0,1,1,0,1,1,0,1,1,0,1,1,0,1,1,0,1,0,1,0,0,1,1,0,0,,0,0,1,1,0,0,1,1,0,0,1,1,0,0,1,1,0,0,1,1,0,0,1,1,0,0,1,1
Фильтры аэропресс,Tasty coffee,,,,,3,2,3,2,3,2,3,2,3,2,2,3,2,3,2,3,2,3,2,3,2,3,2,3,2,3,2,3,2,3,2,3,2,3,2,2,2,2,2,2,2,2,2,2,2,2,4,2,2,4,2,2,4,2,2,4,2,2,4,2,2,4,2,2,0,4,2,1,1,4,2,1,3,2,1,1,4,2,1,1,4,2,1,1,4,2,1,1,4,0,1,0,1,0,1,0,1,0,0,0,0
Фильтры для капельной кофеварки 3л 100 шт,Tasty coffee,,,,,2,3,2,3,2,3,2,3,2,3,3,2,3,2,3,2,3,2,3,2,3,2,3,2,3,2,3,2,3,2,3,2,3,2,3,2,3,2,3,2,3,1,3,1,3,0,3,3,0,3,1,2,3,1,2,3,1,2,3,1,2,3,1,2,0,3,1,2,0,3,1,2,3,1,2,0,3,1,2,0,3,1,2,0,3,1,2,0,3,0,2,0,2,0,2,0,2,0,0,0,0
Фильтры для чая 100шт,Tasty coffee,,,,,0,0,0,0,0,0,0,0,0,0,20,0,7,9,8,9,8,9,8,9,8,8,8,8,8,8,8,8,7,8,7,8,7,8,7,8,7,7,7,7,6,7,6,6,6,6,12,6,6,12,6,6,12,6,6,12,5,6,11,5,6,11,3,6,0,9,3,6,0,9,3,4,7,2,3,0,5,2,3,1,6,9,5,1,15,9,5,1,15,13,4,0,17,14,7,4,25,2,3,2,7
Фильтры мелитта 40 шт,Tasty coffee,,,,,2,2,2,2,2,2,2,2,2,2,2,2,2,2,2,2,2,2,2,2,2,2,2,2,2,2,2,2,2,2,2,2,2,2,2,2,2,2,2,2,2,2,2,2,2,1,3,2,1,3,1,2,3,1,2,3,1,2,3,1,2,3,1,2,0,3,1,2,0,3,1,2,3,1,2,0,3,1,2,0,3,1,2,0,3,1,2,0,3,0,0,0,0,0,0,0,0,0,0,0,0
Фильтры мелитта 80,Tasty coffee,,,,,1,1,1,1,1,1,1,1,1,1,1,1,1,1,1,1,1,1,1,1,1,1,1,1,1,1,1,1,1,1,1,1,1,1,1,1,1,1,1,1,1,1,1,1,1,1,2,1,1,2,1,1,2,1,1,2,1,0,1,1,0,1,1,0,0,1,1,0,0,1,1,0,1,1,0,0,1,1,0,0,1,1,0,0,1,1,0,0,1,0,0,0,0,0,0,0,0,0,0,0,0
Фильтры т83,Tasty coffee,,,,,,,,,,,,,,,6,0,3,3,3,3,3,3,3,3,3,2,3,2,3,2,3,2,3,2,3,2,3,2,3,2,3,2,3,2,3,2,3,2,3,2,5,3,2,5,3,2,5,3,2,5,3,2,5,3,2,5,3,2,0,5,3,1,1,5,2,2,4,2,2,1,5,2,2,1,5,2,1,1,4,2,1,1,4,0,0,0,0,0,0,0,0,0,0,0,0
Фильтры Т90,Tasty coffee,1 шт,1 шт,0 шт,,2,1,2,1,1,1,1,1,1,1,6,0,3,3,3,3,3,3,3,3,3,3,3,3,3,3,3,3,3,3,3,2,3,2,3,1,2,1,2,0,0,2,0,2,0,2,2,0,2,2,0,2,2,0,2,2,0,2,2,0,2,2,0,2,0,2,0,1,1,2,0,1,1,0,0,1,1,0,0,1,1,0,0,1,1,0,0,1,1,0,0,0,0,0,0,0,0,0,0,0,0
Фильтры т92,Tasty coffee,,,,,1,4,1,4,0,4,0,4,2,2,8,2,5,5,5,5,5,5,5,5,5,5,5,5,5,5,5,4,5,4,5,4,5,4,5,3,4,4,4,3,4,3,4,3,4,2,6,4,2,6,4,2,6,4,2,6,4,2,6,4,2,6,2,2,0,4,2,1,1,4,2,1,3,2,1,1,4,2,0,1,3,2,0,1,3,2,0,1,3,0,0,0,0,0,0,0,0,0,0,0,0
"Фильтры Hario v60 бум. (1-4), 100 шт",Tasty coffee,,,,,,,,,,,,,,,,,,,,,,,,,,,,,,,,,,,,,,,,,,,,,,,,,,,,,,,,,,,,,10,0,10,5,4,9,5,4,0,9,5,3,1,9,4,4,8,4,4,1,9,4,4,1,9,10,4,1,15,10,4,1,15,0,1,0,1,0,0,0,0,0,1,1,2
Фильтры purover 250 шт,Tasty coffee,,,,,0,1,0,1,0,1,0,1,0,1,1,0,1,0,1,0,1,0,1,0,1,0,1,0,1,0,1,0,1,0,1,0,1,0,1,0,1,0,1,0,1,0,1,0,1,0,1,1,0,1,0,1,1,0,1,1,0,1,1,0,1,1,0,1,0,1,0,1,0,1,0,1,1,0,1,0,1,0,1,0,1,0,1,0,1,0,1,0,1,0,1,0,1,0,1,0,1,0,1,0,1
ДРИП   |  TASTY
Дрип Боливия Каранави,,,,,,,,,,,,,,,,,,,,,,,,,,,,,,,,,,,,,,,,,,,,,,,,,,,,,,,,,,,,,,,,,,,,,,,,,,,,,,,,,,,,,,,,,,,,,,,,,,,,,,,3,1,1,5
Дрип Бразилия Марио Мура,,,,,,,,,,,,,,,,,,,,,,,,,,,,,,,,,,,,,,,,,,,,,,,,,,,,,,,,,,,,,,,,,,,,,,,,,,,,,,,,,,,,,,,,,,,,,,,,,,,2,1,2,5,1,0,1,2
Дрип Бразилия Суль-де-Минас 50 шт,,,,,,,,,,,,,,,,,,,,,,,,,,,,,,,,,,,,,,,,,,,,,,,,,,,,,,,,,,,,,,,,,,,,,,,,,,,,,,,,,,,,,,,,,,,,,,,,,,,3,0,1,4,0,0,1,1
Дрип Бразилия Суль-де-Минас 10 шт,,,,,,,,,,,,,,,,,,,,,,,,,,,,,,,,,,,,,,,,,,,,,,,,,,,,,,,,,,,,,,,,,,,,,,,,,,,,,,,,,,,,,,,,,,,,,,,,,,,,,,,3,3,2,8
Дрип Бурунди Нкизи,,,,,,,,,,,,,,,,,,,,,,,,,,,,,,,,,,,,,,,,,,,,,,,,,,,,,,,,,,,,,,,,,,,,,,,,,,,,,,,,,,,,,,,,,,,,,,,,,,,,,,,2,1,1,4
Дрип Бэрри 50 шт,,,,,,,,,,,,,,,,,,,,,,,,,,,,,,,,,,,,,,,,,,,,,,,,,,,,,,,,,,,,,,,,,,,,,,,,,,,,,,,,,,,,,,,,,,,,,,,,,,,3,1,1,5,0,0,0,0
Дрип Бэрри 10 шт,Tasty coffee,1,10,1,9,10,6,9,3,9,1,8,0,4,4,4,1,1,0,1,1,6,5,3,5,0,3,0,0,0,0,0,0,0,0,6,3,6,2,1,2,1,1,1,1,1,0,16,2,12,6,18,8,5,13,7,4,11,6,2,8,2,5,7,2,0,2,1,0,0,1,1,0,0,1,0,0,,14,2,2,18,8,2,2,12,4,0,2,6,8,5,3,16,7,5,2,14,1,3,1,5,10,4,3,17
Дрип Бэрри 30 шт,Tasty coffee,,,,,,,,,,,,,,,5,0,1,2,0,0,0,0,0,1,0,1,0,0,0,0,0,0,0,0,3,3,3,3,3,3,2,3,2,3,2,3,2,2,2,2,4,1,2,3,1,1,2,1,1,2,1,1,2,0,0,0,0,0,0,,0,0,0,,0,0,,0,1,2,3,0,1,2,3,3,1,2,6,2,0,0,2,8,7,5,20,7,4,3,14,8,2,2,12
Дрип Гватемала Сантьяго,,,,,,,,,,,,,,,,,,,,,,,,,,,,,,,,,,,,,,,,,,,,,,,,,,,,,,,,,,,,,,,,,,,,,,,,,,,,,,,,,,,,,,,,,,,,,,,,,,,,,,,3,2,2,7
Дрип Индонезия Лини Ява Фринса,,,,,,,,,,,,,,,,,,,,,,,,,,,,,,,,,,,,,,,,,,,,,,,,,,,,,,,,,,,,,,,,,,,,,,,,,,,,,,,,,,,,,,,,,,,,,,,,,,,2,1,2,5,0,0,0,0
Дрип Кения маунт 10 шт,Tasty coffee,,,,,,,,,,,,,,,,,,,,,,,,,,,,,,,,,,,,,,,,,,,,,,,,,,,,,,,,,,,,,10,0,,8,2,10,5,2,3,10,5,2,3,10,5,0,5,11,3,3,17,11,2,3,16,11,1,2,14,8,2,2,12,2,2,2,6,0,1,1,2,3,1,1,5
Дрип Кения маунт 30 шт,Tasty coffee,1,2,1,2,2,0,1,0,0,0,0,0,0,0,0,0,0,0,0,0,0,0,0,0,0,0,0,0,0,0,0,0,0,0,1,0,1,0,1,0,0,1,0,1,0,1,0,1,0,1,1,0,1,1,0,1,1,0,1,1,0,1,1,1,0,1,1,0,0,1,1,0,0,1,1,0,1,1,0,0,1,1,0,0,1,1,0,0,1,0,0,0,0,8,3,4,15,8,2,4,14,2,2,2,6
Дрип Колумбия Анжело Соса 90 часов,,,,,,,,,,,,,,,,,,,,,,,,,,,,,,,,,,,,,,,,,,,,,,,,,,,,,,,,,,,,,,,,,,,,,,,,,,,,,,,,,,,,,,,,,,,,,,,,,,,,,,,0,1,0,1
Дрип Колумбия Декаф 50 шт,,,,,,,,,,,,,,,,,,,,,,,,,,,,,,,,,,,,,,,,,,,,,,,,,,,,,,,,,,,,,,,,,,,,,,,,,,,,,,,,,,,,,,,,,,,,,,,,,,,5,0,0,5,2,1,1,4
Дрип Колумбия Декаф 30 шт,Tasty coffee,,,,,,,,,,,,,,,,,,,,,,,,,,,,,,,,,,,,,,,,,,,,,,,,,,,,,,,,,,,,,,,,,,,,,,,,,,,,,,,,,,,,,,,,,,,,,,1,2,1,4,0,2,1,3,0,1,1,2
Дрип Колумбия Декаф 10 шт,,,,,,,,,,,,,,,,,,,,,,,,,,,,,,,,,,,,,,,,,,,,,,,,,,,,,,,,,,,,,,,,,,,,,,,,,,,,,,,,,,,,,,,,,,,,,,,,,,,,,,,4,3,2,9
Дрип Колумбия Персик Хайро Арчила,Tasty coffee,,,,,,,,,,,,,,,,,,,,,,,,,,,,,,,,,,,,,,,,,,,,,,,,,,,,,,,,,,,,,,,,,,,,,,,,,,,,,,,,,,,,,,,,,,,,,,0,0,0,0,0,0,0,0,5,3,3,11
Дрип Колумбия Уила 30 шт,Tasty coffee,,,,,,,,,,,,,,,,,,,,,,,,,,,,,,,,,,,,,,,,,,,,,,,,,,,,,,,,,,,,,,,,,,,,,,,,,,,,,,,,,,,,,,,,,,,,,,2,2,1,5,2,2,1,5,1,0,1,2
Дрип Колумбия Уила 50 шт,,,,,,,,,,,,,,,,,,,,,,,,,,,,,,,,,,,,,,,,,,,,,,,,,,,,,,,,,,,,,,,,,,,,,,,,,,,,,,,,,,,,,,,,,,,,,,,,,,,3,0,1,4,1,0,0,1
Дрип Колумбия Уила 10 шт,Tasty coffee,0,3,0,2,0,1,0,1,0,1,0,0,0,0,0,0,0,0,0,0,0,0,0,0,0,0,0,0,0,0,0,0,0,0,10,0,5,5,5,4,4,4,4,4,3,3,3,3,3,3,6,2,2,4,0,2,2,0,0,0,10,0,10,8,2,10,6,2,2,10,6,2,2,10,4,1,5,4,0,2,6,4,0,2,6,4,0,1,5,3,0,1,4,3,1,2,6,1,0,1,2,5,2,4,11
Дрип Колумбия Эль Порвенир,,,,,,,,,,,,,,,,,,,,,,,,,,,,,,,,,,,,,,,,,,,,,,,,,,,,,,,,,,,,,,,,,,,,,,,,,,,,,,,,,,,,,,,,,,,,,,,,,,,4,1,1,6,0,0,0,0
Дрип Крисмас бленд,Tasty coffee,,,,,,,,,,,,,,,,,,,,,,,,,,,,,,,,,,,,,,,,,,,,,,,,,,,,,,,,,,,,,,,,,,,,,,,,,,,,,,,,,,,,,,,,,,,,,,0,0,0,0,0,0,0,0,6,0,8,14
Дрип микс (Подарочный набор),Tasty coffee,0,0,0,0,0,0,0,0,0,0,0,0,0,0,0,0,0,0,0,0,5,5,4,4,3,4,3,4,3,0,0,0,0,0,2,3,2,3,2,3,1,3,1,3,0,3,0,2,0,2,2,0,2,2,0,1,1,0,1,1,6,1,7,5,1,6,0,1,2,3,0,1,2,3,0,1,1,0,1,2,3,0,1,2,3,0,1,2,3,0,0,1,1,1,1,1,3,0,0,0,0,0,3,1,4
Дрип набор Эфиопия 2024,Tasty coffee,,,,,,,,,,,,,,,,,,,,,,,,,,,,,,,,,,,,,,,,,,,,,,,,,,,,,,,,,,,,,,,,,,,,,,,,,,,,,,,,,,,,,,,,,,,,,,0,0,2,2,0,0,1,1,0,0,1,1
Дрип Руанда Киву 10 шт,,,,,,,,,,,,,,,,,,,,,,,,,,,,,,,,,,,,,,,,,,,,,,,,,,,,,,,,,,,,,,,,,,,,,,,,,,,,,,,,,,,,,,,,,,,,,,,,,,,,,,,3,2,3,8
Дрип Руанда Киву 30 шт,Tasty coffee,,,,,,,,,,,,,,,,,,,,,,,,,,,,,,,,,,,,,,,,,,,,,,,,,,,,,,,,,,,,,,,,,,,,,,,,,,,,,,,,,,,,,,,,,,,,,,2,2,0,4,1,2,1,4,0,1,0,1
Дрип Руанда Матьязо 10 шт,,,,,,,,,,,,,,,,,,,,,,,,,,,,,,,,,,,,,,,,,,,,,,,,,,,,,,,,,,,,,,,,,,,,,,,,,,,,,,,,,,,,,,,,,,,,,,,,,,,,,,,2,1,1,4
Дрип Эфиопия Мукера 120 ч,,,,,,,,,,,,,,,,,,,,,,,,,,,,,,,,,,,,,,,,,,,,,,,,,,,,,,,,,,,,,,,,,,,,,,,,,,,,,,,,,,,,,,,,,,,,,,,,,,,,,,,4,2,3,9
Дрип Эфиопия Мукера 200 ч,,,,,,,,,,,,,,,,,,,,,,,,,,,,,,,,,,,,,,,,,,,,,,,,,,,,,,,,,,,,,,,,,,,,,,,,,,,,,,,,,,,,,,,,,,,,,,,,,,,,,,,1,2,3,6
Дрип Эфиопия Сидамо 10 шт,Tasty coffee,0,0,0,0,1,6,3,4,3,4,2,3,2,1,8,2,4,2,2,2,0,2,0,1,0,1,0,1,0,1,0,0,0,0,10,0,5,5,4,5,3,5,3,5,3,3,2,2,1,2,3,0,1,1,0,0,0,0,0,0,10,0,10,8,2,10,5,2,3,10,5,2,3,10,5,1,6,5,1,2,8,5,1,2,8,4,1,3,8,0,0,2,2,1,4,0,5,0,0,0,0,3,2,1,6
Дрип Эфиопия Сидамо 50 шт,,,,,,,,,,,,,,,,,,,,,,,,,,,,,,,,,,,,,,,,,,,,,,,,,,,,,,,,,,,,,,,,,,,,,,,,,,,,,,,,,,,,,,,,,,,,,,,,,,,3,1,1,5,1,0,1,2
Дрип Эфиопия Сидамо 30 шт,Tasty coffee,,,,,,,,,,,,,,,,,,,,,,,,,,,,,,,,,,,1,0,1,0,1,0,1,0,1,0,0,0,0,0,0,0,,0,0,,0,0,,0,0,,0,0,,0,0,,0,0,0,,0,0,0,,0,0,,4,2,0,6,4,2,0,6,4,1,0,5,4,0,0,4,4,4,2,10,3,4,2,9,2,3,1,6
"Дрип Коста-Рика 2025, 12 шт",,,,,,,,,,,,,,,,,,,,,,,,,,,,,,,,,,,,,,,,,,,,,,,,,,,,,,,,,,,,,,,,,,,,,,,,,,,,,,,,,,,,,,,,,,,,,,,,,,,,,,,5,2,2,9
Растворимый кофе Бэрри,,,,,,,,,,,,,,,,,,,,,,,,,,,,,,,,,,,,,,,,,,,,,,,,,,,,,,,,,,,,,,,,,,,,,,,,,,,,,,,,,,,,,,,,,,,,,,,,,,,,,,,1,0,0,1
Растворимый кофе Фанки,,,,,,,,,,,,,,,,,,,,,,,,,,,,,,,,,,,,,,,,,,,,,,,,,,,,,,,,,,,,,,,,,,,,,,,,,,,,,,,,,,,,,,,,,,,,,,,,,,,,,,,1,1,0,2
Дрип Эфиопия Тесфай ,Tasty coffee,,,,,,,,,,,,,,,,,,,,,,,,,,,,,10,0,5,1,4,1,1,0,0,0,0,0,0,0,0,0,0,0,0,0,0,0,,0,0,,0,0,,0,0,,0,0,,0,0,,0,0,0,,0,0,0,,0,0,,8,4,0,12,8,4,0,12,6,4,2,12,5,2,1,8,0,0,0,0,0,0,0,0,0,0,0,0
Неактуально
Дрип Бразилия Отавио Рейс,,,,,,,,,,,,,,,,,,,,,,,,,,,,,,,,,,,,,,,,,,,,,,,,,,,,,,,,,,,,,,,,,,,,,,,,,,,,,,,,,,,,,,,,,,,,,,,,,,,4,1,1,6,0,0,0,0
Дрип Гватемала Ла Кабана,Tasty coffee,,,,,,,,,,,,,,,,,,,,,,,,,,,,,,,,,,,,,,,,,,,,,,,,,,,,,,,,,,,,,10,0,10,8,2,10,5,2,3,10,4,2,3,10,4,2,6,4,1,2,7,3,1,2,6,3,1,2,6,2,1,1,4,1,0,0,1,0,0,0,0,0,0,0,0
Дрип Индонезия Ява Мустофа,,,,,,,,,,,,,,,,,,,,,,,,,,,,,,,,,,,,,,,,,,,,,,,,,,,,,,,,,,,,,,,,,,,,,,,,,,,,,,,,,,,,,,,,,,,,,,,2,1,0,3,1,0,1,2,0,0,0,0
Дрип Индонезия Ява Фринса Пангаленган,,,,,,,,,,,,,,,,,,,,,,,,,,,,,,,,,,,,,,,,,,,,,,,,,,,,,,,,,,,,,,,,,,,,,,,,,,,,,,,,,,,,,,,,,,,,,,,,,,,3,1,2,6,0,0,0,0
Дрип Колумбия Вентаррон,,,,,,,,,,,,,,,,,,,,,,,,,,,,,,,,,,,,,,,,,,,,,,,,,,,,,,,,,,,,,,,,,,,,,,,,,,,,,,,,,,,,,,,,,,,,,,,,,,,4,0,1,5,0,0,0,0
Дрип Руанда Мараба,,,,,,,,,,,,,,,,,,,,,,,,,,,,,,,,,,,,,,,,,,,,,,,,,,,,,,,,,,,,,,,,,,,,,,,,,,,,,,,,,,,,,,,,,,,,,,,,,,,4,0,1,5,0,0,0,0
Дрип Руанда Анбалаган,Tasty coffee,,,,,,,,,,,,,,,,,,,,,,,,,,,,,,,,,,,,,,,,,,,,,,,,,,,,,,,,,,,,,,,,,,,,,,,,,,,,,,,,,,,,,,,,,,,,,,2,0,0,2,1,0,0,1,0,0,0,0
Дрип Руанда Килимби Анаэробный,Tasty coffee,,,,,,,,,,,,,,,,,,,,,,,,,,,,,,,,,,,,,,,,,,,,,,,,,,,,,,,,,,,,,,,,,,,,,,,,,,,,,,,,,,,,,,,,,,,,,,1,0,0,1,0,0,0,0,0,0,0,0
Дрип Руанда уе Анаэробный,,,,,,,,,,,,,,,,,,,,,,,,,,,,,,,,,,,,,,,,,,,,,,,,,,,,,,,,,,,,,,,,,,,,,,,,,,,,,,,,,,,,,,,,,,,,,,,2,1,0,3,0,1,0,1,0,0,0,0
Дрип Эфиопия Берату Шакиту,Tasty coffee,,,,,,,,,,,,,,,,,,,,,,,,,,,,,,,,,,,,,,,,,,,,,,,,,,,,,,,,,,,,,,,,,,,,,,,,,,,,,,,,,,,,,,,,,,,,,,0,0,0,0,0,0,0,0,0,0,0,0
Дрип Коста-Рика Ла Фила,Tasty coffee,,,,,,,,,,,,,,,,,,,,,,,,,,,,,,,,,,,,,,,,,,,,,,,,,,,,,,,,,,,,,,,,,,,,,,,,,,,,,,,,,,,,,,,,,,,,,,0,0,0,0,0,0,0,0,0,0,0,0
Дрип Коста-Рика Корасон де Хесус,Tasty coffee,,,,,,,,,,,,,,,,,,,,,,,,,,,,,,,,,,,,,,,,,,,,,,,,,,,,,,,,,,,,,,,,,,,,,,,,,,,,,,,,,,,,,,,,,,,,,,0,0,0,0,0,0,0,0,0,0,0,0
Дрип Эфиопия Мукера Тако,Tasty coffee,,,,,,,,,,,,,,,,,,,,,,,,,,,,,,,,,,,,,,,,,,,,,,,,,,,,,,,,,,,,,,,,,,,,,,,,,,,,,,,,,,,,,,,,,,,,,,0,0,0,0,0,0,0,0,0,0,0,0
Дрип Суматра Пилихан ,Tasty coffee,,,,,,,,,,,,,,,,,,,,,,,,,,,,,,,,,,,,,,,,,,,,,,,,,,,,,,,,,,,,,10,0,,8,2,10,6,2,2,10,6,2,2,10,5,2,7,5,2,2,9,5,2,2,9,3,2,4,9,2,1,4,7,0,0,0,0,0,0,0,0,0,0,0,0
Дрип Колумбия Декаф,Tasty coffee,,,,,,,,,,,,,,,10,0,5,4,5,3,10,7,10,7,10,7,8,7,9,7,5,7,5,7,1,7,1,7,3,4,2,3,1,3,1,3,7,5,6,5,11,6,5,11,6,5,11,6,5,11,6,5,11,6,4,10,4,4,2,10,4,4,2,10,4,4,8,4,4,2,10,4,4,2,10,3,3,1,7,1,0,1,2,0,0,0,0,0,0,0,0,0,0,0,0
Дрип Кения Ливани,Tasty coffee,,,,,,,,,,,,,,,,,,,,,,,,,,,,,,,,,,,,,,,,,,,,,,,,,,,,,,,,,,,,,,,,,,,,,,,,,,,,,,,,,,,,,,,,,,,,,,0,0,0,0,0,0,0,0,0,0,0,0
Дрип Гватемала Ла Сенда,Tasty coffee,,,,,,,,,,,,,,,,,,,,,,,,,,,,,,,,,,,,,,,,,,,,,,,6,2,5,2,7,5,2,7,4,2,6,4,2,6,4,2,6,4,2,6,2,2,1,5,2,2,1,5,2,0,2,2,0,0,2,1,0,0,1,0,0,0,0,0,0,0,0,0,0,0,0,0,0,0,0,0,0,0,0
Дрип Гватемала Эль Сокорро,Tasty coffee,,,,,,,,,,,,,,,,,,,,,,,,,,,,,,,,,,,,,,,,,,,,,,,,,,,,,,,,,,,,,10,0,,8,2,10,5,2,3,10,5,2,3,10,5,2,7,5,1,3,9,5,1,3,9,5,1,1,7,3,1,2,6,0,0,0,0,0,0,0,0,0,0,0,0
Дрип Гейша Гватемала 1шт,Tasty coffee,0,0,0,0,0,0,0,0,0,0,0,0,0,0,0,0,0,0,0,0,0,0,0,0,0,0,0,0,0,0,0,0,0,0,0,0,0,0,0,0,0,0,0,0,0,0,0,0,0,0,,0,0,,0,0,,0,0,,0,0,,0,0,,0,0,0,,0,0,0,,0,0,,0,0,0,,0,0,0,,0,0,0,,0,0,0,,0,0,0,0,0,0,0,0,0,0,0,0
Дрип Кения Мугага,Tasty coffee,,,,,0,6,3,2,3,2,3,2,1,2,2,0,0,0,0,0,0,0,0,0,0,0,0,0,7,0,4,2,4,2,3,2,2,2,2,2,1,2,1,2,1,1,1,1,1,1,2,1,1,2,0,1,1,0,1,1,0,1,1,0,0,0,0,0,0,,0,0,0,,0,0,,0,0,0,,0,0,0,,0,0,0,,0,0,0,,0,0,0,0,0,0,0,0,0,0,0,0
Дрип Гейша Панама 1 шт,Tasty coffee,0,0,0,0,0,0,0,0,0,0,0,0,0,0,0,0,0,0,0,0,0,0,0,0,0,0,0,0,0,0,0,0,0,0,0,0,0,0,0,0,0,0,0,0,0,0,0,0,0,0,,0,0,,0,0,,0,0,,0,0,,0,0,,0,0,0,,0,0,0,,0,0,,0,0,0,,0,0,0,,0,0,0,,0,0,0,,0,0,0,0,0,0,0,0,0,0,0,0
Дрип Китай Пуэр Анарэробный,Tasty coffee,,,,,,,,,,,,,,,,,,,,,,,,,,,,,,,,,,,,,,,,,,,,,,,,,,,,3,0,,3,0,,2,1,,2,1,,2,1,3,2,1,0,3,1,1,0,3,1,1,2,1,0,0,1,0,0,0,0,0,0,0,,0,0,0,,0,0,0,0,0,0,0,0,0,0,0,0
Дрип Колумбия Луис Калдерон,Tasty coffee,,,,,,,,,,,,,,,,,,,,,,,,,,,,,,,,,,,,,,,,,,,,,,,,,,,,,,,,,,,,,,,,,,,,,,,,,,,,,,,,,,,,,,,,,,,,,,0,0,0,0,0,0,0,0,0,0,0,0
Дрип Коста Рика Лос Лириос,Tasty coffee,,,,,,,,,,,,,,,,,,,,,,,,,,,,,,,,,,,,,,,,,,,,,,,,,,,,,,,,,,,,,,,,,,,,,,,,,,,,,,6,3,0,9,6,3,0,9,6,3,0,9,3,0,1,4,0,0,0,0,0,0,0,0,0,0,0,0
Дрип Коста Рика Эль Вапор,Tasty coffee,,,,,,,,,,,,,,,,,,,,,,,,,,,,,,,,,,,,,,,,,,,,,,,,,,,,,,,,,,,,,,,,,,,,,,,,,,,,,,6,3,0,9,6,3,0,9,5,3,0,8,1,2,2,5,0,0,0,0,0,0,0,0,0,0,0,0
Дрип Колумбия Черри Сантуарио,Tasty coffee,,,,,,,,,,,,,,,6,0,2,3,2,2,1,0,1,0,1,0,1,0,1,0,1,0,1,0,1,0,1,0,0,0,0,0,0,0,0,0,0,0,0,0,,0,0,,0,0,,0,0,,0,0,,0,0,,0,0,0,,0,0,0,,0,0,,0,0,0,,0,0,0,,0,0,0,0,0,0,0,0,0,0,0,0,0,0,0,0,0,0,0,0
Дрип Колумбия Черные ягоды хайро Арчила,,,,,,,,,,,,,,,,,,,,,,,,,,,,,,,,,,,,,,,,,,,,,,,,,,,,,,,,,,,,,,,,,,,,,,,,,,,,,,,,,,,,,,,,,,,,,,,,,,,,,,,0,0,0,0
Дрип Коста-Рика Игерональ ,Tasty coffee,,,,,,,,,,,,,,,,,,,,,,,,,,,,,,,,,,,,,,,,,,,,,,,6,2,5,2,7,4,2,6,4,2,6,4,2,6,4,2,6,4,2,6,2,1,1,4,2,1,1,4,1,1,2,1,1,1,3,0,0,1,1,0,0,0,,0,0,0,,0,0,0,0,0,0,0,0,0,0,0,0
Дрип Коста-Рика Эль Мудо,Tasty coffee,,,,,,,,,,,,,,,,,,,,,,,,,,,,,,,,,,,,,,,,,,,,,,,6,2,6,2,8,6,2,8,6,1,7,4,3,7,4,3,7,4,0,4,4,0,0,4,4,0,0,4,4,0,4,4,0,0,4,4,0,0,4,3,0,0,3,0,0,0,0,0,0,0,0,0,0,0,0,0,0,0,0
Дрип Мексика Иксуатлан Моссто,Tasty coffee,,,,,,,,,,,,,,,,,,,,,,,,,,,,,,,,,,,,,,,,,,,,,,,,,,,,,,,,,,,,,10,0,,8,2,10,5,2,3,10,5,2,3,10,5,2,7,5,2,3,10,4,2,2,8,4,2,2,8,3,1,1,5,0,0,0,0,0,0,0,0,0,0,0,0
Дрип Мексика Иксуатлан ТАКО,Tasty coffee,,,,,,,,,,,,,,,,,,,,,,,,,,,,,,,,,,,,,,,,,,,,,,,,,,,,,,,,,,,,,10,0,,8,2,10,5,2,3,10,5,2,3,10,4,2,6,4,2,2,8,4,2,2,8,4,2,1,7,3,0,2,5,0,0,0,0,0,0,0,0,0,0,0,0
Дрип Панама Бару,Tasty coffee,0,0,0,0,0,0,0,0,0,0,0,0,0,0,0,0,0,0,0,0,5,5,5,5,5,5,5,5,5,5,2,2,2,1,6,0,3,3,3,2,3,2,3,2,3,2,3,1,2,2,4,2,2,4,1,2,3,1,2,3,1,2,3,0,0,0,0,0,0,,0,0,0,,0,0,,0,0,0,,0,0,0,,0,0,0,,0,0,0,,0,0,0,0,0,0,0,0,0,0,0,0
Дрип Перу Кени Яхахуанка,Tasty coffee,,,,,,,,,,,,,,,,,,,,,,,,,,,,,,,,,,,,,,,,,,,,,,,,,,,,,,,,,,3,2,5,0,1,1,0,0,0,0,0,0,,0,0,0,,0,0,,0,0,0,,0,0,0,,0,0,0,,0,0,0,,0,0,0,0,0,0,0,0,0,0,0,0
Дрип Руанда Каронги,Tasty coffee,,,,,,,,,,,,,,,,,,,,,,,,,,,,,,,,,,,,,,,,,,,,,,,,,,,,,,,,,,,,,10,0,,8,2,10,5,2,2,9,5,2,2,9,5,2,7,5,1,2,8,5,0,2,7,5,0,2,7,1,0,2,3,0,0,0,0,0,0,0,0,0,0,0,0
Дрип Эфиопия Банко Готете,Tasty coffee,,,,,,,,,,,,,,,,,,,,,,,,,,,,,,,,,,,,,,,,,,,,,,,,,,,,,,,,,,,,,,,,,,,,,,,,,,,,,,4,2,0,6,4,2,0,6,2,2,2,6,1,1,1,3,0,0,0,0,0,0,0,0,0,0,0,0
Дрип Эфиопия Гету,Tasty coffee,,,,,,,,,,,,,,,,,,,,,,,,,,,,,10,0,5,1,5,1,3,3,3,2,3,2,2,1,1,1,0,0,0,0,0,0,,0,0,,0,0,,0,0,,0,0,,0,0,,0,0,0,,0,0,0,,0,0,,0,0,0,,0,0,0,,0,0,0,0,0,0,0,0,0,0,0,0,0,0,0,0,0,0,0,0
Дрип Эфиопия Данче,Tasty coffee,,,,,8,0,3,3,3,3,2,2,1,1,0,1,0,0,0,0,0,0,0,0,0,0,0,0,0,0,0,0,0,0,0,0,0,0,0,0,0,0,0,0,0,0,0,0,0,0,,0,0,,0,0,,0,0,,0,0,,0,0,,0,0,0,,0,0,0,,0,0,,0,0,0,,0,0,0,,0,0,0,0,0,0,0,0,0,0,0,0,0,0,0,0,0,0,0,0
Дрип Эфиопия Дебебе,Tasty coffee,,,,,,,,,,,,,,,,,,,,,,,,,,,,,,,,,,,,,,,,,,,,,,,,,,,,,,,,,,,,,,,,,,,,,,,,,,,,,,4,2,0,6,4,2,0,6,1,2,2,5,1,0,2,3,0,0,0,0,0,0,0,0,0,0,0,0
Дрип Ява Фринса Анаэробный,Tasty coffee,,,,,,,,,,,,,,,,,,,,,,,,,,,,,,,,,,,,,,,,,,,,,,,,,,,,,,,,,,,,,,,,,,,,,,,,,,,,,,4,1,0,5,4,1,0,5,1,1,1,3,1,0,0,1,0,0,0,0,0,0,0,0,0,0,0,0
Дрип Ява Фринса Лактик,Tasty coffee,,,,,,,,,,,,,,,,,,,,,,,,,,,,,,,,,,,,,,,,,,,,,,,,,,,,,,,,,,,,,,,,,,,,,,,,,,,,,,3,2,0,5,3,2,0,5,1,1,2,4,0,1,2,3,0,0,0,0,0,0,0,0,0,0,0,0
Дрип Эфиопия Тесфай 200 ч,Tasty coffee,,,,,,,,,,,,,,,,,,,,,,,,,,,,,10,0,3,2,2,1,0,1,0,1,0,1,0,0,0,0,0,0,0,0,0,0,,0,0,,0,0,,0,0,,0,0,,0,0,,0,0,0,,0,0,0,,0,0,,0,0,0,,0,0,0,,0,0,0,,0,0,0,,0,0,0,0,0,0,0,0,0,0,0,0

ЗЕРНО ФИЛЬТР 250   |  TASTY
Батч-брю 250 гр,Tasty coffee,,,,,,,,,,,,,,,,,,,,,,,,,,,,,,,,,,,,,,,,,,,,,,,,,,,,,,,,,,,,,,,,,,,,,,,,,,,,,,,,,,,,,,,,,,,,,,2,1,0,3,0,1,0,1,8,6,0,14
Боливия Гейша Лос Родригес 100 гр,,,,,,,,,,,,,,,,,,,,,,,,,,,,,,,,,,,,,,,,,,,,,,,,,,,,,,,,,,,,,,,,,,,,,,,,,,,,,,,,,,,,,,,,,,,,,,,,,,,,,,,0,0,0,0
Боливия Каранави,,,,,,,,,,,,,,,,,,,,,,,,,,,,,,,,,,,,,,,,,,,,,,,,,,,,,,,,,,,,,,,,,,,,,,,,,,,,,,,,,,,,,,,,,,,,,,,,,,,,,,,0,1,1,2
Бразилия Мауро Гальери,,,,,,,,,,,,,,,,,,,,,,,,,,,,,,,,,,,,,,,,,,,,,,,,,,,,,,,,,,,,,,,,,,,,,,,,,,,,,,,,,,,,,,,,,,,,,,,,,,,0,2,1,,0,0,0,0
Бразилия Сульдеминас 250,Tasty coffee,13,10,11,8,6,6,6,4,4,2,2,1,0,1,25,0,11,9,10,6,10,5,10,2,6,3,2,0,0,2,0,0,0,0,15,13,15,10,15,10,15,8,14,8,14,7,13,7,12,7,19,12,6,18,9,8,17,6,8,14,29,6,35,24,7,31,10,12,9,31,9,9,9,31,9,7,16,5,5,4,14,5,5,3,13,25,13,1,39,7,11,1,19,11,7,7,25,1,4,3,8,1,2,0,3
Бурунди Нкизи,,,,,,,,,,,,,,,,,,,,,,,,,,,,,,,,,,,,,,,,,,,,,,,,,,,,,,,,,,,,,,,,,,,,,,,,,,,,,,,,,,,,,,,,,,,,,,,,,,,2,0,0,,0,0,0,0
Гватемала Ла Кабана 250 гр,Tasty coffee,,,,,,,,,,,,,,,,,,,,,,,,,,,,,,,,,,,,,,,,,,,,,,,,,,,,,,,,,,,,,,,,,,,,,,,,,,,,,,,,,,,,,,,,,,,,,,0,0,0,0,0,0,0,0,0,0,0,0
Гватемала Сантьяго 250 ,Tasty coffee,,,,,,,,,,,,,,,,,,,,,,,,,,,,,,,,,,,10,10,10,10,10,8,10,7,9,4,6,5,6,5,6,5,11,5,4,9,4,4,8,4,3,7,28,2,30,17,9,26,8,8,8,24,8,7,8,24,8,6,14,7,4,8,19,7,4,8,19,7,4,7,18,21,7,3,31,7,2,2,11,0,4,0,4,0,2,0,2
Индонезия Суматра Гайо,Tasty coffee,0,0,0,0,0,0,0,0,0,0,0,0,0,0,0,0,0,0,0,0,12,12,12,10,12,10,12,10,11,10,11,8,9,8,5,6,5,6,5,6,5,6,5,5,4,5,4,4,3,4,7,2,2,4,2,2,4,2,2,4,16,2,18,12,4,16,7,4,5,16,7,4,5,16,5,6,11,5,5,5,15,4,5,5,14,3,5,5,13,1,6,3,10,0,1,0,1,0,1,0,1,0,4,4,8
Индонезия Ява Мустофа,,,,,,,,,,,,,,,,,,,,,,,,,,,,,,,,,,,,,,,,,,,,,,,,,,,,,,,,,,,,,,,,,,,,,,,,,,,,,,,,,,,,,,,,,,,,,,,0,0,1,1,0,0,0,0,1,0,0,1
Кения Маунт,Tasty coffee,0,0,0,0,0,10,5,5,5,5,4,5,3,5,2,1,1,1,1,0,0,0,0,0,0,0,0,0,4,3,4,2,3,1,6,4,6,4,5,3,5,2,5,2,1,2,1,0,0,1,1,0,1,1,0,0,0,0,0,0,16,0,16,9,3,12,3,5,3,11,3,4,3,11,3,1,4,3,0,3,6,1,1,2,4,5,0,2,7,6,1,0,7,0,3,2,5,0,3,2,5,0,2,1,3
Колумбия Персик Хайро Арчила,,,,,,,,,,,,,,,,,,,,,,,,,,,,,,,,,,,,,,,,,,,,,,,,,,,,,,,,,,,,,,,,,,,,,,,,,,,,,,,,,,,,,,,,,,,,,,,,,,,,,,,1,1,0,2
Колумбия Уила 250,Tasty coffee,8,14,6,14,0,13,6,5,4,4,0,3,0,1,30,0,15,13,14,10,14,9,14,8,14,7,10,8,9,5,9,3,7,1,23,0,8,12,8,12,8,12,8,12,6,12,5,11,5,11,16,5,11,16,5,10,15,5,9,14,29,9,38,20,16,36,11,16,9,36,11,14,9,36,10,14,24,9,11,5,25,9,7,4,20,22,13,4,39,12,8,7,27,3,0,4,7,15,13,6,34,2,2,2,6
Перу Вильдер Киведо,,,,,,,,,,,,,,,,,,,,,,,,,,,,,,,,,,,,,,,,,,,,,,,,,,,,,,,,,,,,,,,,,,,,,,,,,,,,,,,,,,,,,,,,,,,,,,,,,,,2,0,0,,0,0,0,0
Руанда Киву,Tasty coffee,,,,,,,,,,,,,,,,,,,,,,,,,,,,,,,,,,,,,,,,,,,,,,,,,,,,,,,,,,,,,,,,,,,,,,,,,,,,,,,,,,,,,,,,,,,,,,1,0,2,3,14,12,6,32,1,0,0,1
Эфиопия Мукера 120 ч,,,,,,,,,,,,,,,,,,,,,,,,,,,,,,,,,,,,,,,,,,,,,,,,,,,,,,,,,,,,,,,,,,,,,,,,,,,,,,,,,,,,,,,,,,,,,,,,,,,,,,,2,2,2,6
Эфиопия Мукера 200 ч,Tasty coffee,,,,,,,,,,,,,,,,,,,,,,,,,,,,,,,,,,,,,,,,,,,,,,,,,,,,,,,,,,,,,,,,,,,,,,,,,,,,,,,,,,,,,,,,,,,,,,0,0,0,,0,0,0,,0,0,0,0
Эфиопия сидамо 250,Tasty coffee,10,14,9,14,7,9,3,9,0,8,0,8,4,4,2,2,1,0,0,0,12,12,12,10,12,9,11,8,11,8,8,7,7,7,5,7,5,6,5,5,5,4,5,2,2,3,2,2,2,1,3,2,0,2,0,0,0,0,0,0,24,0,24,14,7,21,9,6,5,20,9,6,5,20,9,6,15,9,6,4,19,8,6,4,18,8,6,3,17,6,5,4,15,7,1,1,9,11,11,4,26,1,1,0,2
Неактуально
Уганда Ньябиронго Анаэробный ,,,,,,,,,,,,,,,,,,,,,,,,,,,,,,,,,,,,,,,,,,,,,,,,,,,,,,,,,,,,,,,,,,,,,,,,,,,,,,,,,,,,,,,,,,,,,,,,,,,1,0,0,,0,0,0,0
Боливия Самайпата,,,,,,,,,,,,,,,,,,,,,,,,,,,,,,,,,,,,,,,,,,,,,,,,,,,,,,,,,,,,,,,,,,,,,,,,,,,,,,,,,,,,,,,,,,,,,,,,,,,,,,,0,0,0,0
Колумбия Черные ягоды Хайро Арчила,Tasty coffee,,,,,,,,,,,,,,,,,,,,,,,,,,,,,,,,,,,,,,,,,,,,,,,,,,,,,,,,,,,,,,,,,,,,,,,,,,,,,,,,,,,,,,,,,,,,,,0,0,0,0,2,2,2,6,0,0,0,0
Колумбия Чирозо Каса Негра,Tasty coffee,,,,,,,,,,,,,,,,,,,,,,,,,,,,,,,,,,,,,,,,,,,,,,,,,,,,,,,,,,,,,,,,,,,,,,,,,,,,,,,,,,,,,,,,,,,,,,0,0,0,0,2,0,1,3,0,0,0,0
Колумбия Хайро Арчила 250 гр,Tasty coffee,,,,,,,,,,,,,,,,,,,,,,,,,,,,,,,,,,,,,,,,,,,,,,,,,,,,,,,,,,,,,,,,,,,,,,,,,,,,,,,,,,,,,,,,,,,,,,0,0,0,0,0,0,0,0,0,0,0,0
Колумбия Каука,Tasty coffee,,,,,,,,,,,,,,,,,,,,,,,,,,,,,,,,,,,,,,,,,,,,,,,,,,,,,,,,,,,,,,,,,,,,,,,,,,,,,,,,,,,,,,,,,,,,,,0,0,0,0,0,0,0,0,0,0,0,0
Коста-Рика Эстебан Замора,Tasty coffee,,,,,,,,,,,,,,,,,,,,,,,,,,,,,,,,,,,,,,,,,,,,,,,,,,,,,,,,,,,,,,,,,,,,,,,,,,,,,,,,,,,,,,,,,,,,,,0,0,0,0,0,0,0,0,0,0,0,0
Руанда Кайонза,Tasty coffee,,,,,,,,,,,,,,,,,,,,,,,,,,,,,,,,,,,,,,,,,,,,,,,,,,,,,,,,,,,,,,,,,,,,,,,,,,,,,,,,,,,,,,,,,,,,,,0,0,0,0,0,0,0,0,0,0,0,0
Эфиопия Берату Шакиту 250 гр,Tasty coffee,,,,,,,,,,,,,,,,,,,,,,,,,,,,,,,,,,,,,,,,,,,,,,,,,,,,,,,,,,,,,,,,,,,,,,,,,,,,,,,,,,,,,,,,,,,,,,0,0,0,0,0,0,0,0,0,0,0,0
Эфиопия Мукера Анаэробный 250 гр,Tasty coffee,,,,,,,,,,,,,,,,,,,,,,,,,,,,,,,,,,,,,,,,,,,,,,,,,,,,,,,,,,,,,,,,,,,,,,,,,,,,,,,,,,,,,,,,,,,,,,0,0,0,0,0,0,0,0,0,0,0,0
Эфиопия Соломон Гету 250 гр,Tasty coffee,,,,,,,,,,,,,,,,,,,,,,,,,,,,,,,,,,,,,,,,,,,,,,,,,,,,,,,,,,,,,,,,,,,,,,,,,,,,,,,,,,,,,,,,,,,,,,0,0,0,0,0,0,0,0,0,0,0,0
Эфиопия Хало Хартуме,Tasty coffee,,,,,,,,,,,,,,,,,,,,,,,,,,,,,,,,,,,,,,,,,,,,,,,,,,,,,,,,,,,,,,,,,,,,,,,,,,,,,,,,,,,,,,,,,,,,,,0,0,0,0,0,0,0,0,0,0,0,0
Эфиопия Тарату,Tasty coffee,,,,,,,,,,,,,,,,,,,,,,,,,,,,,,,,,,,,,,,,,,,,,,,,,,,,,,,,,,,,,,,,,,,,,,,,,,,,,,,,,,,,,,,,,,,,,,0,0,0,0,0,0,0,0,0,0,0,0
Коста-Рика Сарчи Мария ,Tasty coffee,,,,,,,,,,,,,,,,,,,,,,,,,,,,,,,,,,,,,,,,,,,,,,,,,,,,,,,,,,,,,6,0,6,4,5,9,2,4,1,7,1,3,1,7,1,3,4,1,3,1,5,1,2,1,4,0,1,1,2,0,1,0,1,0,0,0,0,0,0,0,0,0,0,0,0
Марагоджип Никарагуа 250,Tasty coffee,0,0,0,0,0,8,2,3,2,2,0,1,0,1,0,0,0,0,0,0,0,0,0,0,0,0,0,0,0,0,0,0,0,0,0,0,0,0,0,0,0,0,0,0,0,0,0,0,0,0,,0,0,,0,0,,0,0,,0,0,,0,0,,0,0,0,,0,0,0,,0,0,,0,0,0,,0,0,0,,0,0,0,0,0,0,0,0,0,0,0,0,0,0,0,0,0,0,0,0
Мексика Рохо Иксуатлан,Tasty coffee,,,,,,,,,,,,,,,,,,,,,,,,,,,,,,,,,,,6,0,5,1,3,2,1,2,1,2,0,0,0,0,0,0,,0,0,,0,0,,0,0,,0,0,,0,0,,0,0,0,,0,0,0,,0,0,,0,0,0,,0,0,0,,0,0,0,0,0,0,0,0,0,0,0,0,0,0,0,0,0,0,0,0
Панама Гейша бару,Tasty coffee,0,0,0,0,0,0,0,0,0,0,0,0,0,0,0,0,0,0,0,0,0,0,0,0,0,0,0,0,0,0,0,0,0,0,0,0,0,0,0,0,0,0,0,0,0,0,0,0,0,0,,0,0,,0,0,,0,0,,0,0,,0,0,,0,0,0,,0,0,0,,0,0,,0,0,0,,0,0,0,,0,0,0,0,0,0,0,0,0,0,0,0,0,0,0,0,0,0,0,0
Коста-Рика Дота,Tasty coffee,,,,,,,,,,,,,,,16,0,6,7,6,6,6,6,6,5,4,5,2,5,2,4,0,1,0,1,8,8,8,7,8,7,8,7,8,7,5,7,5,7,4,6,10,3,6,9,3,4,7,3,3,6,2,3,5,2,2,4,2,1,0,3,2,1,0,3,2,1,3,2,0,0,2,0,2,0,2,0,1,0,1,0,0,0,0,0,0,0,0,0,0,0,0,0,0,0,0
Эфиопия Тесфай 250 гр,Tasty coffee,,,,,0,4,2,2,2,2,1,2,2,2,0,2,0,0,0,0,0,0,0,0,0,0,0,0,1,2,0,1,0,1,0,0,0,0,0,0,0,0,0,0,0,0,0,0,0,0,,0,0,,0,0,,0,0,,12,4,16,7,3,10,7,3,3,13,7,2,3,13,7,2,9,7,2,2,11,5,4,2,11,5,3,2,10,2,1,1,4,0,0,0,0,0,0,0,0,0,0,0,0
Эфиопия Тесфай 120 часов,Tasty coffee,,,,,,,,,,,,,,,,,,,,,,,,,,,,,,,,,,,1,4,1,2,1,2,0,1,0,1,0,0,0,0,0,0,,0,0,,0,0,,0,0,,10,4,14,9,2,11,3,3,2,8,2,3,2,8,2,3,5,1,1,2,4,1,0,2,3,0,0,2,2,0,1,0,1,0,0,0,0,0,0,0,0,0,0,0,0
Эфиопия Тесфай 200 часов 250гр,Tasty coffee,,,,,0,4,2,0,2,0,2,0,0,1,1,0,1,0,0,0,0,0,0,0,0,0,0,0,0,0,0,0,0,0,3,4,0,4,3,0,0,0,0,0,0,0,0,0,0,0,,0,0,,0,0,,0,0,,0,0,,0,0,,0,0,0,,0,0,0,,0,0,,0,0,0,,0,0,0,,0,0,0,,0,0,0,,0,0,0,0,0,0,0,0,0,0,0,0
Эфиопия Челчеле Хани,Tasty coffee,,,,,,,,,,,,,,,,,,,,,,,,,,,,,,,,,,,,,,,,,,,,,,,,,,,,,,,,,,,,,6,4,10,6,3,9,4,3,2,9,4,3,2,9,4,3,7,4,3,2,9,4,2,2,8,3,0,2,5,0,2,2,4,0,0,0,0,0,0,0,0,0,0,0,0

ЗЕРНО ЭСПРЕССО 250   |  TASTY
Бразилия серрадо 250,Tasty coffee,0,0,0,0,0,40,20,17,18,17,16,18,15,18,36,13,9,17,6,15,6,12,6,11,4,7,1,5,30,3,16,8,12,4,35,0,15,17,13,17,11,16,6,10,2,5,19,15,17,11,28,15,8,23,10,6,16,9,0,9,6,2,8,0,0,0,0,0,0,,0,0,0,,0,0,,23,3,0,26,9,10,3,22,19,8,0,27,20,20,2,42,4,3,6,13,20,7,2,29,11,7,5,23
Брауни 250,Tasty coffee,0,22,0,18,0,17,7,7,7,7,5,5,2,3,2,0,0,0,0,0,15,15,12,14,9,11,5,6,13,13,10,6,10,5,14,10,14,6,9,7,7,6,2,2,0,0,8,8,8,6,14,4,8,12,3,7,10,1,7,8,21,6,27,15,6,21,9,4,5,18,9,2,5,18,5,4,9,3,1,2,6,1,1,2,4,16,8,1,25,19,11,3,33,0,0,0,0,15,8,3,26,26,9,8,43
Бэрри 250,Tasty coffee,19,4,14,0,3,30,15,11,8,11,2,8,1,5,31,0,11,1,4,0,17,15,16,12,16,5,10,6,25,15,24,10,22,5,28,10,25,2,14,9,14,5,11,0,0,1,9,8,9,6,15,5,6,11,5,3,8,5,1,6,38,2,40,22,10,32,12,7,9,28,13,1,9,28,7,4,11,24,3,5,32,9,11,7,27,26,15,7,48,30,15,3,48,0,6,7,13,4,4,3,11,16,11,7,34
Гватемала Ла Лагуна 250,Tasty coffee,,,,,,,,,,,,,,,,,,,,,,,,,,,,,,,,,,,,,,,,,,,,,,,,,,,,,,,,,,,,,4,4,8,3,3,6,1,2,1,4,1,2,1,4,1,2,3,1,1,1,3,1,1,1,3,1,1,1,3,0,0,1,1,0,0,0,0,0,0,0,0,1,1,0,2
Гватемала Фуэго 250,Tasty coffee,4,3,3,3,2,0,1,0,0,0,0,0,0,0,16,0,6,8,6,6,16,15,16,15,16,12,15,10,10,15,9,13,9,12,7,12,6,9,4,5,4,4,4,1,1,3,21,3,12,12,24,12,9,21,8,10,18,8,10,18,32,10,42,23,18,41,13,17,10,40,13,16,10,40,12,16,28,11,13,9,33,9,13,9,31,7,8,9,24,4,3,3,10,4,3,1,8,12,9,4,25,7,7,8,22
Кения Найроби 250,,,,,,,,,,,,,,,,,,,,,,,,,,,,,,,,,,,,,,,,,,,,,,,,,,,,,,,,,,,,,,,,,,,,,,,,,,,,,,,,,,,,,,,,,,,,,,,6,13,7,26,4,10,5,19,8,6,6,20
Китай Симао 250,Tasty coffee,9,0,8,0,6,10,5,8,0,8,0,8,3,3,14,1,5,1,3,0,15,12,15,11,15,11,15,8,36,11,36,9,36,7,21,15,19,12,15,11,15,11,15,10,14,10,13,9,4,12,16,2,11,13,1,8,9,0,3,3,24,0,24,12,10,22,6,10,4,20,2,9,4,20,2,9,11,16,11,4,31,15,10,4,29,11,5,3,19,0,2,2,4,0,0,0,0,0,0,0,0,0,0,0,0
Колумбия Богота 250,Tasty coffee,25,3,25,3,26,10,25,9,25,9,25,9,21,9,9,19,5,15,4,9,14,13,12,10,12,8,10,8,7,10,6,8,6,7,12,11,12,10,12,10,12,10,12,10,11,6,34,6,29,11,40,29,8,37,18,18,36,17,16,33,17,15,32,17,11,28,10,6,4,20,10,5,4,20,3,7,10,16,14,4,34,16,14,4,34,13,10,3,26,9,8,1,18,6,6,8,20,14,7,4,25,13,9,8,30
Колумбия Декаф 250,Tasty coffee,2,5,2,5,4,1,2,1,2,0,0,0,0,0,11,0,4,1,2,1,6,4,6,3,5,1,3,1,2,0,1,1,0,1,7,2,5,2,4,1,1,1,0,0,0,0,0,0,0,0,,0,0,,0,0,,0,0,,17,5,22,16,1,17,8,3,4,15,8,3,4,15,6,0,6,1,0,3,4,0,0,3,3,6,4,3,13,9,7,0,16,0,0,0,0,15,8,3,26,0,0,1,1
Коста Рика сан Хосе 250,Tasty coffee,0,7,0,7,6,10,5,10,2,10,1,10,5,4,4,3,2,3,2,0,10,10,10,10,10,10,10,8,10,8,9,8,8,8,6,5,6,4,6,4,6,2,5,0,1,3,1,1,0,0,,0,0,,0,0,,0,0,,24,0,24,14,10,24,10,10,4,24,10,10,4,24,10,10,20,10,9,4,23,9,9,4,22,9,7,3,19,8,3,2,13,4,6,8,18,3,6,6,15,6,2,4,12
Крисмас бленд 250 гр,,,,,,,,,,,,,,,,,,,,,,,,,,,,,,,,,,,,,,,,,,,,,,,,,,,,,,,,,,,,,,,,,,,,,,,,,,,,,,,,,,,,,,,,,,,,,,,,,,,,,,,0,17,0,17
Кэнди 250,Tasty coffee,2,14,0,13,0,41,20,20,18,16,14,12,11,8,37,9,14,13,10,0,7,0,5,0,1,0,1,1,13,14,5,11,3,6,11,10,10,8,8,5,3,0,2,0,0,0,30,9,28,5,33,22,7,29,13,14,27,13,13,26,10,11,21,6,4,10,5,0,0,5,5,0,0,5,2,0,2,19,8,0,27,12,11,2,25,8,6,2,16,20,0,0,20,0,0,0,0,11,4,4,19,8,11,5,24
Натти 250,Tasty coffee,1,31,0,25,21,25,15,23,9,16,0,13,4,4,25,0,5,0,0,0,15,15,12,12,7,9,3,6,29,10,11,15,8,12,16,7,13,4,5,2,0,1,0,0,0,0,27,10,25,6,31,15,6,21,8,8,16,6,7,13,45,4,49,24,10,34,10,6,10,26,6,5,10,26,5,0,5,19,2,7,28,9,7,7,23,22,10,5,37,24,15,2,41,0,6,5,11,20,6,4,30,3,5,6,14
Перу Канчаке Пиура 250 гр,,,,,,,,,,,,,,,,,,,,,,,,,,,,,,,,,,,,,,,,,,,,,,,,,,,,,,,,,,,,,,,,,,,,,,,,,,,,,,,,,,,,,,,,,,,,,,,2,0,0,2,1,0,0,1,0,0,0,0
Перу Монте Верде,,,,,,,,,,,,,,,,,,,,,,,,,,,,,,,,,,,,,,,,,,,,,,,,,,,,,,,,,,,,,,,,,,,,,,,,,,,,,,,,,,,,,,,,,,,,,,,,,,,2,0,1,,0,0,0,0
Руанда Кабуе 250 гр,,,,,,,,,,,,,,,,,,,,,,,,,,,,,,,,,,,,,,,,,,,,,,,,,,,,,,,,,,,,,,,,,,,,,,,,,,,,,,,,,,,,,,,,,,,,,,,4,1,1,6,3,0,1,4,0,0,0,0
Руанда Кигали 250 гр,Tasty coffee,,,,,,,,,,,,,,,,,,,,,,,,,,,,,,,,,,,14,8,14,8,14,7,14,6,14,6,10,8,10,8,10,7,17,10,7,17,10,3,13,7,6,13,7,4,11,6,3,9,3,3,2,8,3,2,2,8,2,2,4,20,10,2,32,18,10,4,32,18,10,4,32,11,13,1,25,9,7,5,21,6,5,4,15,7,5,3,15
Фанки 250,Tasty coffee,8,9,8,7,6,2,4,2,3,2,3,2,3,1,25,0,11,13,10,12,10,11,9,11,8,11,6,11,6,11,5,8,5,7,4,4,4,2,4,1,2,3,2,0,1,0,1,0,0,0,,0,0,,0,0,,0,0,,24,0,24,13,10,23,9,9,4,22,9,9,4,22,9,9,18,9,7,4,20,9,6,4,19,7,6,3,16,7,1,3,11,0,0,0,0,0,0,0,0,0,0,0,0
Флорал 250,Tasty coffee,0,8,0,3,5,25,5,25,1,25,0,25,11,11,11,9,4,4,4,0,16,12,16,12,16,11,13,10,42,10,37,5,33,2,13,15,10,13,10,12,9,11,7,5,3,2,31,0,17,9,26,16,7,23,11,8,19,9,5,14,21,18,39,13,12,25,4,8,5,17,4,4,5,17,0,3,3,12,6,3,21,0,6,5,11,0,12,3,15,19,10,2,31,0,4,13,17,18,6,5,29,4,3,7,14
Фрутти 250,Tasty coffee,24,0,21,0,17,0,13,0,6,5,5,4,4,4,4,1,1,2,1,0,12,12,12,12,12,12,12,12,42,12,41,10,41,10,23,24,21,22,21,20,19,15,19,11,12,5,10,2,7,3,10,7,0,7,3,0,3,2,0,2,20,10,30,19,5,24,9,9,5,23,9,9,5,23,8,8,16,28,12,3,43,25,10,6,41,24,5,4,33,25,20,2,47,4,2,9,15,0,0,2,2,3,2,1,6
Хани 250 гр,,,,,,,,,,,,,,,,,,,,,,,,,,,,,,,,,,,,,,,,,,,,,,,,,,,,,,,,,,,,,,,,,,,,,,,,,,,,,,,,,,,,,,,,,,,,,,,,,,,,,,,4,5,4,13
Эфиопия гуджи 250,Tasty coffee,3,0,0,0,0,40,20,20,20,20,20,17,20,17,29,20,20,27,18,27,18,21,18,20,18,15,18,10,16,8,10,4,7,0,13,9,12,8,12,8,12,8,12,7,8,5,8,4,8,4,12,7,3,10,6,1,7,4,2,6,33,1,34,20,10,30,11,8,9,28,11,7,9,28,11,4,15,21,5,8,34,13,13,7,33,11,9,4,24,6,0,2,8,2,6,10,18,0,6,6,12,3,5,2,10
Эфиопия Иргачефф 250,Tasty coffee,6,24,2,23,22,20,20,20,19,20,15,19,14,17,15,11,6,4,4,1,17,15,15,14,14,11,13,8,43,6,29,10,29,5,38,5,21,16,19,11,16,11,15,8,8,8,7,7,7,1,8,5,0,5,3,1,4,3,0,3,32,7,39,22,11,33,12,11,9,32,12,10,9,32,12,7,19,31,9,9,49,23,15,8,46,21,10,6,37,33,6,3,42,0,5,10,15,23,7,5,35,14,10,5,29
Эфиопия Оромия 250,Tasty coffee,8,2,8,2,19,0,17,0,9,7,9,5,9,5,4,9,1,9,5,4,17,13,17,13,17,9,12,12,8,15,7,11,6,11,23,11,22,11,22,7,21,7,20,5,10,11,10,10,10,8,18,7,7,14,6,6,12,5,4,9,26,2,28,15,6,21,9,6,2,17,7,6,2,17,4,6,10,3,2,1,6,2,2,2,6,0,0,2,2,0,0,2,2,1,2,8,11,9,4,4,17,6,6,7,19
Ягодный джем 250 гр,,,,,,,,,,,,,,,,,,,,,,,,,,,,,,,,,,,,,,,,,,,,,,,,,,,,,,,,,,,,,,,,,,,,,,,,,,,,,,,,,,,,,,,,,,,,,,,,,,,,,,,8,6,3,17
Неактуально
Бразилия Можиана 250,Tasty coffee,0,16,0,13,12,20,7,20,4,19,2,19,7,9,31,6,11,10,9,5,7,4,6,1,4,0,0,0,30,0,10,12,7,10,28,0,7,11,5,10,4,7,4,4,3,1,31,10,23,11,34,21,7,28,13,11,24,10,6,16,15,17,32,12,6,18,4,4,4,12,1,0,4,12,0,0,,15,0,3,18,7,2,5,14,24,10,3,37,33,14,3,50,0,0,0,0,0,0,0,0,0,0,0,0
Бразилия Трес-Понтас 250,,,,,,,,,,,,,,,,,,,,,,,,,,,,,,,,,,,,,,,,,,,,,,,,,,,,,,,,,,,,,,,,,,,,,,,,,,,,,,,,,,,,,,,,,,,,,,,,,,,,,,,0,0,0,0
Колумбия Лусиано Эспиноса,,,,,,,,,,,,,,,,,,,,,,,,,,,,,,,,,,,,,,,,,,,,,,,,,,,,,,,,,,,,,,,,,,,,,,,,,,,,,,,,,,,,,,,,,,,,,,,,,,,1,0,1,,0,0,0,0
Колумбия Папайо Вилла Бетулия 250,,,,,,,,,,,,,,,,,,,,,,,,,,,,,,,,,,,,,,,,,,,,,,,,,,,,,,,,,,,,,,,,,,,,,,,,,,,,,,,,,,,,,,,,,,,,,,,0,0,0,0,2,0,0,2,0,0,0,0
Колумбия Эль Индио,Tasty coffee,1,0,1,0,1,0,1,0,1,0,1,0,0,0,0,0,0,0,0,0,0,0,0,0,0,0,0,0,0,0,0,0,0,0,0,0,0,0,0,0,0,0,0,0,0,0,0,0,0,0,,0,0,,0,0,,0,0,,0,0,,0,0,,0,0,0,,0,0,0,,0,0,,0,0,0,,0,0,0,,0,0,0,,0,0,0,,0,0,0,0,1,0,0,1,0,0,0,0
Эфиопия Мукера 72 часа 250 гр,Tasty coffee,,,,,,,,,,,,,,,,,,,,,,,,,,,,,,,,,,,,,,,,,,,,,,,,,,,,,,,,,,,,,,,,,,,,,,,,,,,,,,,,,,,,,,,,,,,,,,0,0,0,0,0,0,0,0,0,0,0,0
Эфиопия Хару Бедаме 250 гр,Tasty coffee,,,,,,,,,,,,,,,,,,,,,,,,,,,,,,,,,,,,,,,,,,,,,,,,,,,,,,,,,,,,,,,,,,,,,,,,,,,,,,,,,,,,,,,,,,,,,,0,0,0,0,0,0,0,0,0,0,0,0
Бразилия фанки ,Tasty coffee,,,,,,,,,,,,,,,,,,,,,,,,,,,,,,,,,,,,,,,,,,,,,,,20,10,18,5,23,14,4,18,6,9,15,4,7,11,28,7,35,18,12,30,12,9,5,26,11,7,5,26,5,6,11,4,0,5,9,2,1,4,7,17,7,3,27,9,0,2,11,0,0,0,0,0,0,0,0,0,0,0,0
Гондурас Мойзес ,Tasty coffee,,,,,,,,,,,,,,,,,,,,,,,,,,,,,,,,,,,,,,,,,,,,,,,,,,,,,,,,,,,,,4,4,8,4,4,8,2,3,2,7,2,3,2,7,2,3,5,2,3,2,7,2,3,2,7,2,2,2,6,1,2,1,4,0,0,0,0,0,0,0,0,0,0,0,0

ЗЕРНО  1кг   |  TASTY
Батч брю 1 кг,Tasty coffee,9,0,9,0,8,0,7,0,7,0,6,0,3,0,0,2,0,1,0,0,0,0,0,0,0,0,0,0,0,0,0,0,0,0,0,0,0,0,0,0,0,0,0,0,0,0,24,0,20,4,24,19,4,23,18,2,20,15,5,20,15,5,20,12,4,16,9,2,2,13,9,0,2,13,4,4,8,2,3,2,7,2,3,2,7,0,2,2,4,0,0,0,0,1,0,1,2,0,2,0,2,0,0,0,0
Бразилия Серрадо 1 кг,Tasty coffee,3,16,8,9,5,17,10,10,8,10,6,9,5,6,13,5,1,5,0,0,4,5,2,5,1,2,0,1,8,10,3,4,3,3,15,2,8,6,5,4,3,3,2,1,2,0,15,7,12,6,18,10,4,14,7,6,13,7,6,13,16,9,25,14,3,17,5,6,4,15,3,4,4,15,3,3,6,15,8,3,26,0,11,3,14,10,10,3,23,10,9,1,20,5,0,4,9,20,4,2,26,7,1,2,10
Брауни 1 кг ,Tasty coffee,,,,,,,,,,,,,,,,,,,,,11,12,10,11,7,10,9,8,10,8,6,6,5,6,3,5,2,5,3,4,3,4,3,4,1,3,1,3,1,2,3,1,2,3,1,2,3,0,0,0,6,6,12,4,3,7,4,3,0,7,3,2,0,7,2,2,4,0,1,0,1,0,1,0,1,6,2,0,8,7,6,1,14,0,2,1,3,9,4,1,14,2,0,1,3
Бэрри 1кг,Tasty coffee,10,0,7,0,13,0,12,10,9,9,7,7,4,2,10,0,0,0,0,0,12,12,10,12,7,11,6,9,15,7,11,4,9,3,23,5,13,12,11,12,11,12,10,10,10,9,20,8,20,7,27,18,6,24,17,5,22,13,3,16,7,6,13,3,4,7,3,3,0,6,2,2,0,6,1,0,1,18,8,0,26,5,11,4,20,1,10,3,14,11,10,2,23,12,8,3,23,6,3,2,11,4,7,2,13
Гватемала Фуэго 1 кг,Tasty coffee,5,0,5,0,4,0,4,0,4,0,4,0,2,2,8,0,4,4,4,4,4,4,4,3,3,1,1,2,1,2,0,1,0,1,0,0,0,0,0,0,0,0,0,0,0,0,10,0,7,3,10,7,3,10,5,5,10,5,5,10,5,5,10,5,4,9,3,4,2,9,3,4,2,9,3,4,7,3,4,2,9,3,3,2,8,0,0,2,2,0,1,0,1,8,6,0,14,8,4,0,12,7,3,2,12
Кения Найроби 1 кг,,,,,,,,,,,,,,,,,,,,,,,,,,,,,,,,,,,,,,,,,,,,,,,,,,,,,,,,,,,,,,,,,,,,,,,,,,,,,,,,,,,,,,,,,,,,,,,6,2,2,10,5,0,2,7,5,2,3,10
Колумбия Богота 1 кг,Tasty coffee,5,16,7,13,6,22,17,11,11,10,9,10,4,10,10,2,0,0,0,0,12,12,12,11,5,10,7,8,7,7,0,3,0,3,27,3,14,13,14,12,13,12,5,11,4,9,12,7,12,7,19,6,7,13,5,7,12,3,7,10,22,7,29,14,9,23,10,9,3,22,10,6,3,22,9,5,14,15,7,2,24,10,8,4,22,0,1,3,4,9,6,0,15,6,4,3,13,17,3,0,20,9,1,3,13
Колумбия Декаф 1кг,Tasty coffee,,,,,,,,,,,,,,,,,,,,,,,,,,,,,,,,,,,,,,,,,,,,,,,,,,,,,,,,,,,,,10,0,10,8,2,10,6,2,2,10,6,2,2,10,6,2,8,6,2,2,10,6,2,2,10,5,2,2,9,2,2,2,6,0,0,0,0,4,2,1,7,1,2,1,4
Коста Рика Сан Хосе 1 кг,Tasty coffee,0,0,0,0,0,0,0,0,0,0,0,0,0,0,0,0,0,0,0,0,4,4,4,4,4,3,3,3,3,2,3,1,3,1,0,0,0,0,0,0,0,0,0,0,0,0,0,0,0,0,,0,0,,0,0,,0,0,,4,3,7,4,3,7,4,3,0,7,4,3,0,7,4,3,7,6,5,0,11,4,5,2,11,3,5,2,10,1,4,2,7,2,1,2,5,1,0,2,3,3,2,1,6
Кэнди 1 кг,Tasty coffee,7,4,6,2,0,10,2,5,2,4,0,3,1,3,10,0,1,2,0,0,10,10,10,10,10,9,10,9,9,8,10,8,10,8,20,7,14,12,13,12,13,12,10,11,10,9,20,5,13,10,23,13,10,23,12,8,20,11,7,18,7,10,17,6,8,14,2,6,2,10,1,5,2,10,1,3,4,0,2,1,3,0,2,0,2,6,4,0,10,7,5,0,12,3,2,4,9,6,2,2,10,13,4,3,20
Натти 1кг,Tasty coffee,0,9,0,6,7,14,4,11,0,7,0,7,0,3,8,0,0,0,0,0,7,12,0,10,5,1,4,1,17,16,11,10,9,8,6,3,5,1,1,3,1,1,0,0,0,0,21,0,9,8,17,6,7,13,6,6,12,4,4,8,17,5,22,7,7,14,4,5,2,11,2,5,2,11,1,5,6,17,3,1,21,6,9,2,17,6,7,1,14,6,11,0,17,0,0,1,1,15,8,1,24,12,3,3,18
Руанда Кигали 1кг,Tasty coffee,,,,,,,,,,,,,,,,,,,,,,,,,,,,,,,,,,,,,,,,,,,,,,,,,,,,,,,,,,,,,8,0,8,4,3,7,4,3,0,7,4,3,0,7,4,3,7,3,3,0,6,3,3,0,6,2,3,0,5,0,3,0,3,11,7,2,20,10,5,2,17,11,3,2,16
Флорал 1кг,Tasty coffee,0,12,1,9,1,25,9,13,7,13,5,12,5,8,25,0,9,13,9,7,9,7,7,7,7,7,4,6,1,3,0,1,0,0,17,0,7,5,8,3,5,2,5,0,2,0,4,4,1,4,5,0,2,2,0,2,2,0,0,0,12,6,18,10,4,14,6,3,4,13,2,1,4,13,0,0,0,17,8,4,29,12,10,4,26,9,1,4,14,6,6,1,13,15,4,4,23,35,0,0,35,3,0,1,4
Фрутти 1кг,Tasty coffee,3,5,3,4,1,4,1,4,0,4,0,4,1,2,10,1,5,2,2,2,1,1,1,1,1,0,1,0,11,10,9,10,9,10,4,13,5,12,4,10,4,10,2,9,2,8,2,6,2,4,6,2,4,6,2,2,4,1,1,2,12,0,12,9,3,12,6,3,3,12,6,3,3,12,6,3,9,4,3,3,10,4,3,3,10,9,0,3,12,9,2,1,12,8,2,2,12,3,3,1,7,0,0,0,0
Хани 1 кг,,,,,,,,,,,,,,,,,,,,,,,,,,,,,,,,,,,,,,,,,,,,,,,,,,,,,,,,,,,,,,,,,,,,,,,,,,,,,,,,,,,,,,,,,,,,,,,,,,,,,,,12,5,1
Эфиопия Гуджи  1 кг,Tasty coffee,0,0,0,0,4,9,1,9,1,9,0,9,3,5,15,1,8,6,7,6,7,5,7,5,5,3,4,4,3,3,2,3,1,3,7,3,7,2,5,3,4,3,0,3,0,2,0,2,0,2,2,0,2,2,0,1,1,0,1,1,16,1,17,9,5,14,6,4,3,13,6,4,3,13,6,3,9,6,0,3,9,3,3,3,9,3,4,3,10,1,6,1,8,5,2,3,10,3,1,3,7,3,1,1,5
Эфиопия Иргачефф 1кг,Tasty coffee,6,0,5,0,13,9,11,9,9,9,3,9,4,6,26,0,13,9,13,8,18,10,17,9,17,7,11,11,28,11,18,12,16,9,27,6,17,15,17,14,16,12,16,7,11,7,10,7,10,5,15,10,5,15,8,7,15,7,5,12,30,0,30,21,9,30,15,6,6,27,14,5,6,27,2,3,5,16,4,2,22,9,5,5,19,16,8,5,29,12,11,1,24,17,10,7,34,10,3,6,19,3,2,4,9
Эфиопия Оромия 1кг,Tasty coffee,0,0,0,0,0,10,4,6,4,6,3,6,3,5,5,3,3,4,3,4,3,4,3,4,3,3,3,1,3,1,0,0,0,0,10,0,5,5,5,5,5,3,5,3,5,2,4,2,3,1,4,3,1,4,1,1,2,1,0,1,7,0,7,4,0,4,3,0,0,3,3,0,0,3,1,1,2,4,1,0,5,3,2,0,5,2,1,0,3,0,0,0,0,7,7,3,17,5,0,1,6,2,2,0,4
Ягодный джем 1 кг,,,,,,,,,,,,,,,,,,,,,,,,,,,,,,,,,,,,,,,,,,,,,,,,,,,,,,,,,,,,,,,,,,,,,,,,,,,,,,,,,,,,,,,,,,,,,,,,,,,,,,,7,7,2,16
Неактуально

Бразилия Можиана 1кг,Tasty coffee,4,0,2,0,4,18,11,8,9,6,6,4,4,4,12,3,4,3,1,0,5,3,5,3,4,3,3,1,13,10,11,7,11,5,0,7,0,3,1,1,0,0,0,0,0,0,11,4,7,7,14,7,6,13,7,4,11,6,1,7,13,6,19,13,6,19,9,5,4,18,9,3,4,18,7,5,12,6,1,4,11,4,0,4,8,0,0,4,4,9,11,1,21,0,0,0,0,0,0,0,0,0,0,0,0
Бразилия фанки 1кг,Tasty coffee,,,,,,,,,,,,,,,,,,,,,,,,,,,,,,,,,,,,,,,,,,,,,,,,,,,,,,,,,,,,,8,0,8,6,2,8,4,2,2,8,3,2,2,8,3,2,5,2,2,2,6,2,2,2,6,4,5,2,11,0,1,2,3,0,0,0,0,0,0,0,0,0,0,0,0
Китай Симао 1 кг,Tasty coffee,0,7,0,7,0,5,3,2,3,1,3,1,2,2,2,1,0,0,0,0,5,5,5,5,5,5,5,1,15,0,7,8,7,8,4,10,3,9,3,8,3,7,3,5,3,3,3,0,1,0,1,1,0,1,0,0,0,0,0,0,8,1,9,4,3,7,4,3,0,7,4,2,0,7,4,2,6,16,3,0,19,8,7,4,19,8,4,4,16,0,0,2,2,0,0,0,0,0,0,0,0,0,0,0,0
Зерно бункер   |  TASTY
Зерно бункер Флорал,,"22,433 кг","34,94 кг","11,99","26,365","41,126","	70,404 кг","28,488","60,392","15,676","50,862","7,385","34,8","9,3","7,5","159,871","0,217","44,181","42,916","31,258","28,625","74,251","72,033","63,934","62,217","53,19","52,648","41,803","41,456","130,899","31,875","68,49","50,452","56,645","39,503","112,936","37,788","101,873","25,515","89,585","16,677","48,853","39,763","36,568","28,756","24,855","19,07","115,868","18,322","71,165","34,15",,"59,094","22,957",,"46,688","13,883",,"26,669","10,329",,"118,743","23,882",,"51,396","25,409",,"21,694","13,27","15,989",,"2,563","4,398","15,989",,"2,563","4,398",,"19,532","7,915","17,142","44,589","5,176",0,"12,627","17,803","155,611","36,85",0,"17,803","147,68","38,752","7,679","17,803",47,13,7,67,54,19,15,88,57,20,22,99
Зерно бункер Батч-брю ,,"0,037 гр ","0,025 гр ","0,087
(Никарагуа Марагоджип)","0,019","0,023","	0,025 кг","0,023","0,025","0,023","0,025","0,023","0,025","0,023","0,025","0,025","0,023","0,025","0,023","0,025","0,023","0,025","0,023","0,025","0,023","0,025","0,023","0,025","0,023","0,025","0,023","0,025","0,023","0,025","0,023","0,025","0,023","0,025","0,023","0,025","0,023","0,025","0,023","0,025","0,023","0,025","0,023","0,025","0,023","0,025","0,023",,"0,025","0,023",,"0,025","0,811",,"0,025","1,587",,"0,025","1,416",,"0,025","1,078",,"0,025","0,773",0,,"0,025","1,292",0,,"0,025","1,292",,"0,025","1,042",0,,"0,025","0,705",0,,"0,025","0,767",0,,"0,025","0,32",0,,0,2,0,,0,"0,7",0,,0,"0,4",0
Зерно бункер Декаф ,,"0,162 гр ","0,164 гр ","0,153","0,131","0,15","	0,060 кг","0,117","0,004","0,084","0,195","0,058","0,076",0,0,"0,228","0,25","0,218","0,020гр","0,122","0,036","0,074","0,196","0,022","0,087","0,24","0,184","0,211","0,059","0,162","0,192","0,06","0,096","0,215","0,026","0,193","0,031","0,122","0,19","0,049","0,15","0,214","0,059","0,12","0,204","0,044","0,172","1,989","0,059","0,977","0,957",,"0,831","0,801",,"0,722","0,549",,"0,62","0,434",,"0,456","0,312",,"0,118","0,007",,"0,243","0,223",0,,"0,089","0,159",0,,"0,195","0,159",,"0,107","0,204","0,08",,"0,208","0,181","0,023",,"0,99","0,132","0,274",,"0,747","0,858","0,121",,0,0,0,,"0,6","0,9","0,2",,"0,5","0,6","0,2",у
Какао ристора (Закуп),,,,,,"0,556","	0,500 кг","0,222","0,002","0,061",0,"11,856","11,588","11,364",11,10 300,11 000,"8,743","9,787","8,138","9,42","7,697","9,174","7,168","8,834","6,708","8,431","6,109","8,637","5,525","7,673","4,4","7,004","3,586","6,671","1,558","5,784","1,079","5,607","3,787","3,211","2,18","3,015","1,66","2,647","1,009","2,271","0,55","1,95","18,024","1,67",,"17,489","1,373",,"12,956","5,2",,"12,5","4,925",,"11,54","4,506",,"9,904","3,32",,"4,314","2,939",3,,"5,916","2,481",3,,"5,671","2,481",,"4,896","1,784","2,47","9,15","4,596","1,529","2,316","8,441",4,"1,21","2,072","8,441","1,398","0,867","1,225","8,441",4,3,1,8,3,3,1,7,"1,9",2,2,"5,9"
Какао / Добавки   |  TASTY
Какао 350 грамм TASTY,Tasty coffee,0,7,0,7,0,7,0,6,3,2,3,2,2,2,2,2,0,0,0,0,0,0,0,0,0,0,0,0,5,5,3,1,3,1,2,0,0,1,0,1,0,0,0,0,0,0,7,3,7,3,10,7,3,10,7,3,10,7,3,10,7,3,10,5,2,7,3,2,2,7,3,2,2,7,3,2,5,3,2,2,7,3,2,1,6,3,2,1,6,1,2,1,4,2,1,1,4,2,0,1,3,0,0,0,0
Какао без Сахара 250 грамм TASTY,Tasty coffee,0,8,0,7,0,6,0,6,3,3,2,3,2,3,3,1,0,0,0,0,0,0,0,0,0,0,0,0,5,5,4,3,4,1,1,3,0,3,2,1,2,1,2,1,2,1,2,0,2,0,2,2,0,2,2,0,2,1,1,2,3,1,4,1,2,3,1,2,0,3,1,2,0,3,1,2,3,1,2,0,3,1,1,1,3,1,1,1,3,0,1,1,2,1,2,1,4,0,2,0,2,0,0,0,0
Молочный горячий шоколад Tasty,Tasty coffee,2,0,2,0,0,0,0,0,0,0,0,0,0,0,0,0,0,0,0,0,0,0,0,0,0,0,0,0,4,4,4,4,4,2,2,2,2,1,1,1,1,1,1,1,1,1,2,1,2,1,3,2,1,3,2,1,3,2,1,3,7,1,8,5,3,8,2,3,2,7,2,3,2,7,2,3,5,2,2,0,4,2,0,2,4,2,0,1,3,2,0,0,2,5,2,2,9,5,0,2,7,1,0,2,3
Тёмный горячий шоколад с перцем 70% Tasty,,,,,,,,,,,,,,,,,,,,,,,,,,,,,,,,,,,,,,,,,,,,,,,,,,,,,,,,,,,,,,,,,,,,,,,,,,,,,,,,,,,,,,,,,,,,,,,,,,,,,,,3,3,1
Темный шоколад 250 гр TASTY,Tasty coffee,1,2,1,2,1,2,1,2,0,1,0,1,0,1,0,0,0,0,0,0,0,0,0,0,0,0,0,0,0,0,0,0,0,0,10,0,5,5,5,5,5,5,5,5,4,5,4,4,4,4,8,4,4,8,4,4,8,4,4,8,4,4,8,3,4,7,2,4,1,7,1,4,1,7,1,4,5,0,4,1,5,0,3,1,4,0,2,1,3,0,2,1,3,1,1,2,4,0,0,2,2,5,3,2,10
Кофе в банках   |  TASTY
Комбуча на каскаре,,,,,,,,,,,,,,,,,,,,,,,,,,,,,,,,,,,,,,,,,,,,,,,,,,,,,,,,,,,,,,,,,,,,,,,,,,,,,,,,,,,,,,,,,,,,,,,0,0,0,0,30,9,6,45,0,0,3,3
Кола в банке,Tasty coffee,0,1,0,1,0,0,0,0,0,0,0,0,0,0,0,0,0,0,0,0,0,0,0,0,0,0,0,0,0,0,0,0,0,0,0,0,0,0,0,0,0,0,0,0,,0,,0,,0,,0,0,0,0,0,0,14,8,22,14,7,21,12,3,15,12,2,0,14,12,2,0,14,6,8,,5,5,0,10,2,5,2,9,2,3,0,5,0,0,1,1,1,0,4,5,1,2,0,3,0,1,1,2
Каскара в банке,Tasty coffee,1,4,1,4,1,2,1,1,1,0,0,0,0,0,0,0,0,0,0,0,0,0,0,0,0,0,0,0,0,0,0,0,0,0,0,0,0,0,0,0,0,0,0,0,,0,,0,,0,,14,0,14,7,4,11,7,4,11,5,4,9,5,2,7,4,1,0,5,4,0,0,5,2,2,,1,1,0,2,0,1,0,1,0,1,0,1,0,0,0,0,0,0,0,0,0,0,0,0,0,0,0,0
Латте в банке ,Сварщица,0,5,0,0,0,0,0,0,0,0,0,0,0,0,0,0,0,0,0,0,0,0,0,0,0,0,0,0,0,0,0,0,0,0,0,0,0,0,0,0,0,0,0,0,,0,,0,,0,,0,0,0,0,0,0,7,4,11,5,4,9,5,3,8,5,2,0,7,4,1,0,7,2,2,,2,0,0,2,1,0,1,2,0,0,0,0,0,0,0,0,0,0,0,0,0,0,0,0,0,0,0,0
Фильтр кофе в банке,Сварщица,4,0,4,0,4,0,4,0,4,0,4,0,3,0,0,2,0,0,0,0,0,0,0,0,0,0,0,0,0,0,0,0,0,0,0,0,0,0,0,0,0,0,0,0,,0,,0,,0,,0,0,0,0,0,0,6,4,10,4,4,8,4,2,6,4,1,0,5,4,0,0,5,1,3,,1,3,0,4,1,2,0,3,0,0,0,0,0,0,0,0,0,0,0,0,0,0,0,0,0,0,0,0
Матэ 
Матэ Amanda Tradicional,,,,,,,,,,,,,,,,,,,,,,,,,,,,,,,,,,,,,,,,,,,,3,0,2,1,2,0,2,0,2,2,0,2,1,0,1,1,0,1,1,0,1,1,0,1,1,0,,0,1,0,,0,1,0,0,1,0,,0,1,0,,0,1,0,,0,1,0,,0,1,0,,0,1,0,,0,1,0,,0
Матэ Canarias,,,,,,,,,,,,,,,,,,,,,,,,,,,,,,,,,,,,,,,,,,,,0,2,0,2,0,2,0,2,2,0,2,2,0,2,2,0,2,2,0,2,2,0,2,2,0,2,,2,0,2,,2,0,2,2,0,2,,2,0,2,,2,0,2,,2,0,2,,2,0,2,,2,0,2,,2,0,2,,2
Матэ Kurupi Katuava,,,,,,,,,,,,,,,,,,,,,,,,,,,,,,,,,,,,,,,,,,,,0,1,0,1,0,1,0,1,1,0,1,1,0,1,1,0,1,1,0,1,1,0,1,1,0,1,,1,0,1,,1,0,1,1,0,1,,1,0,1,,1,0,1,,1,0,1,,1,0,1,,1,0,1,,1,0,1,,1
Матэ Pipore Tradicional,,,,,,,,,,,,,,,,,,,,,,,,,,,,,,,,,,,,,,,,,,,,6,1,4,3,4,3,4,3,7,4,3,7,3,3,6,3,2,5,3,1,4,3,1,4,3,1,,1,3,1,,1,3,1,1,3,1,,1,3,1,,1,3,1,,1,3,1,,1,3,1,,1,3,1,,1,3,1,,1
Матэ Playadito,,,,,,,,,,,,,,,,,,,,,,,,,,,,,,,,,,,,,,,,,,,,5,0,2,3,2,3,2,3,5,1,2,3,1,2,3,1,1,2,1,1,2,0,0,0,0,0,,0,0,0,,0,0,0,0,0,0,,0,0,0,,0,0,0,,0,0,0,,0,0,0,,0,0,0,,0,0,0,,0
Матэ Taragui,,,,,,,,,,,,,,,,,,,,,,,,,,,,,,,,,,,,,,,,,,,,2,1,2,1,1,1,1,1,2,1,1,2,1,1,2,1,1,2,1,1,2,1,1,2,1,1,,1,1,1,,1,1,1,1,1,1,,1,1,1,,1,1,1,,1,1,1,,1,1,1,,1,1,1,,1,1,1,,1
Чай 100 гр / 250 гр   |  TASTY
Английский завтрак 100 гр,Tasty coffee,,,,,,,,,,,,,,,,,,,,,,,,,,,,,,,,,,,,,,,,,,,,,,,,,,,,,,,,,,,,,,,,,,,,,,,,,,,,,,5,5,0,10,10,5,0,15,10,5,0,15,7,5,2,14,0,0,0,0,10,0,0,10,0,0,0,0
Женьшень Улун 100 грамм,Tasty coffee,3,5,3,5,1,5,1,5,4,1,2,1,2,1,17,2,9,9,9,9,9,8,9,6,8,6,8,4,8,4,8,4,8,4,8,4,7,2,7,2,7,1,7,1,7,1,7,0,3,4,7,3,3,6,3,3,6,3,3,6,3,1,4,1,2,3,1,1,0,2,1,0,0,2,1,0,,11,5,0,16,11,3,0,14,11,3,0,14,7,4,2,13,1,1,1,3,1,1,1,3,0,0,0,0
Матча 100 гр,Tasty coffee,0,0,0,5,0,5,0,5,3,2,3,2,2,1,7,2,3,5,3,3,3,3,3,3,3,3,3,3,3,3,2,3,2,3,1,2,1,2,0,2,1,0,1,0,1,0,11,0,8,2,10,7,2,9,7,1,8,3,3,6,3,3,6,1,0,1,0,0,1,,0,0,1,,0,0,,1,1,1,3,1,0,1,2,10,3,0,13,2,1,0,3,2,2,2,6,3,2,2,7,2,1,1,4
Чай Ассам Диджу 100 гр,Tasty coffee,1,7,1,7,1,7,1,7,4,3,3,2,3,1,1,3,1,3,0,3,5,8,5,8,5,8,5,8,4,8,4,7,4,7,4,6,4,6,4,6,2,6,2,6,1,6,1,4,0,4,4,0,4,4,0,4,4,0,4,4,0,4,4,1,2,3,1,2,0,3,1,2,0,3,1,2,,1,2,0,3,1,2,0,3,1,2,0,3,1,1,0,2,4,2,2,8,3,2,2,7,0,2,0,2
Чай Ганпаудер 100 гр,Tasty coffee,3,14,3,14,3,14,3,14,9,8,8,8,8,8,8,8,8,8,7,8,7,8,7,8,7,7,7,7,7,7,7,6,5,6,5,4,5,4,5,4,3,4,3,3,3,3,3,3,2,2,4,2,2,4,2,2,4,2,2,4,21,2,23,15,4,19,10,4,5,19,7,3,5,19,7,3,,7,3,5,15,7,3,5,15,7,3,5,15,5,3,5,13,1,5,0,6,1,4,0,5,0,0,0,0
Чай глинтвей 100 гр,Tasty coffee,0,0,0,0,0,0,0,0,0,0,0,0,0,0,0,0,0,0,0,0,0,0,0,0,0,0,0,0,0,0,0,0,0,0,3,2,3,2,2,1,2,1,2,0,1,0,0,0,0,0,,0,0,,0,0,,0,0,,10,0,,7,2,9,4,2,3,9,4,1,3,9,4,1,,4,0,3,7,4,0,0,4,4,0,2,6,1,1,0,2,0,0,0,0,0,0,0,0,0,0,0,0
Чай Дерзкий фрукт 100 гр,Tasty coffee,11,0,11,0,11,0,11,0,6,15,6,15,6,14,14,6,13,6,13,6,13,6,13,6,13,6,13,6,13,6,13,6,13,6,13,6,13,6,12,6,12,6,11,6,11,5,11,5,11,5,16,11,5,16,11,5,16,11,5,16,11,5,16,11,5,16,9,5,2,16,9,5,2,16,9,5,,9,4,2,15,9,4,2,15,9,4,1,14,7,4,3,14,0,1,0,1,10,1,0,11,0,1,1,2
"Чай зеленый ""Матча"" 250 гр",Tasty coffee,,,,,,,,,,,,,,,,,,,,,,,,,,,,,,,,,,,,,,,,,,,,,,,,,,,,,,,,,,,,,,,,,,,,,,,,,,,,,,,,,,,,,,,,,,,,,,1,1,0,2,5,1,0,6,1,0,1,2
"Чай зеленый ""Сенча"" 250 гр",Tasty coffee,,,,,,,,,,,,,,,,,,,,,,,,,,,,,,,,,,,,,,,,,,,,,,,,,,,,,,,,,,,,,,,,,,,,,,,,,,,,,,,,,,,,,,,,,,,,,,0,0,0,0,0,0,0,0,0,0,0,0
Чай Лесные ягоды 100 гр,Tasty coffee,6,0,6,0,6,0,6,0,4,2,3,3,3,3,3,3,3,3,3,3,3,3,3,3,3,3,3,3,3,3,3,3,3,3,3,3,3,3,3,3,3,3,3,3,2,3,2,3,2,3,5,2,3,5,2,3,5,2,3,5,1,3,4,1,3,4,1,3,0,4,0,3,0,4,0,3,,0,3,0,3,0,3,0,3,0,3,0,3,0,0,0,0,4,2,2,8,4,1,0,5,0,0,0,0
Чай Лимон с имбирем 100 гр,Tasty coffee,,,,,,,,,,,,,,,8,0,4,4,4,4,4,4,3,4,3,4,3,4,3,3,2,0,2,0,2,0,2,0,2,0,2,0,2,0,2,0,2,0,2,0,2,2,0,2,2,0,2,2,0,2,1,0,1,0,1,1,0,1,0,1,0,1,0,1,0,1,,0,1,0,1,0,1,0,1,0,1,0,1,0,1,0,1,0,0,0,0,0,0,0,0,0,0,0,0
Чай липовый 100 гр,Tasty coffee,2,0,2,0,2,0,1,0,1,0,1,0,1,0,0,1,0,1,0,0,0,0,0,0,0,0,0,0,0,0,0,0,0,0,0,0,0,0,0,0,0,0,0,0,0,0,10,0,8,2,10,8,2,10,8,2,10,8,2,10,7,2,9,7,1,8,4,1,3,8,4,1,3,8,3,1,,3,1,1,5,2,1,1,4,2,1,1,4,0,1,0,1,0,0,0,0,0,0,0,0,3,2,2,7
Чай Масала 100 гр,Tasty coffee,0,0,0,0,6,0,6,0,4,1,4,1,4,1,1,4,1,4,1,4,1,4,1,4,1,4,1,4,1,4,1,4,0,4,2,2,2,2,2,2,2,2,2,2,2,2,2,2,2,2,4,2,2,4,2,2,4,2,2,4,2,2,4,2,2,4,2,2,0,4,2,2,0,4,2,2,,2,2,0,4,2,2,0,4,2,2,0,4,0,2,0,2,0,3,1,4,0,3,1,4,0,0,0,0
Чай Молихуа Жасмин 100 гр,Tasty coffee,4,3,4,3,4,3,4,3,4,3,4,3,4,3,3,4,3,3,3,2,3,2,3,2,3,2,3,2,2,1,1,1,0,1,0,0,0,0,0,0,0,0,0,0,0,0,10,0,8,2,10,6,2,8,6,2,8,6,1,7,6,1,7,4,3,7,2,4,1,7,0,4,1,7,0,4,,0,4,0,4,0,4,0,4,0,4,0,4,0,1,0,1,0,0,0,0,0,0,0,0,2,2,3,7
Чай Молочный улун 100 гр,Tasty coffee,1,2,1,2,0,2,0,2,1,16,1,16,7,8,24,7,16,15,16,15,16,15,14,15,14,15,14,15,14,14,12,13,12,13,12,13,12,13,12,13,12,13,12,13,11,11,11,7,11,6,17,11,6,17,10,6,16,10,6,16,10,5,15,9,4,13,6,4,3,13,4,3,3,13,4,3,,4,2,2,8,4,1,2,7,4,0,2,6,2,1,1,4,6,5,3,14,6,5,3,14,0,0,0,0
Чай мятный 100 гр,Tasty coffee,2,0,2,0,2,0,2,0,2,6,2,5,2,5,5,2,4,1,4,1,4,1,2,1,2,1,1,1,1,1,1,1,0,1,1,0,0,0,0,0,0,0,0,0,0,0,0,0,0,0,,0,0,,0,0,,0,0,,0,0,,0,0,,0,0,0,,0,0,0,,0,0,,0,0,0,,0,0,0,,0,0,0,,0,0,0,,0,0,0,0,0,0,0,0,0,0,0,0
Чай Нувара Элия 100 гр,Tasty coffee,0,5,0,5,0,5,0,5,2,3,2,3,2,3,3,2,3,2,3,2,0,2,0,2,0,2,0,2,0,2,0,2,0,2,0,2,0,2,0,2,0,2,0,2,0,2,10,2,10,2,12,10,2,12,10,2,12,10,2,12,9,2,11,8,2,10,5,2,3,10,3,2,3,10,3,2,,3,2,1,6,3,2,1,6,3,2,0,5,2,2,1,5,0,0,0,0,0,0,0,0,0,0,0,0
Чай Пуэр дворцовый 100 гр,Tasty coffee,9,0,9,0,9,0,9,0,5,4,5,4,5,4,4,5,4,5,4,5,4,5,4,5,4,5,4,5,4,5,3,5,3,5,13,5,13,5,13,5,13,5,13,5,13,5,13,5,13,5,18,13,5,18,13,5,18,13,5,18,13,5,18,12,5,17,10,5,2,17,10,5,2,17,10,5,,10,5,2,17,10,5,2,17,10,5,2,17,8,5,2,15,0,2,0,2,0,2,0,2,0,2,0,2
Чай Рухуна 100 гр,Tasty coffee,0,0,0,0,20,0,20,0,9,10,7,5,7,5,5,7,4,1,4,1,9,5,9,5,9,1,5,5,5,5,4,1,3,1,1,0,1,0,0,0,0,0,0,0,0,0,15,0,8,5,13,1,5,6,1,5,6,1,5,6,20,5,25,12,11,23,0,8,4,12,0,7,4,12,0,7,,20,16,4,40,19,16,4,39,16,12,4,32,33,0,0,33,13,9,5,27,12,8,5,25,0,0,0,0
Чай Рухуна 250 гр,Tasty coffee,,,,,,,,,,,,,,,,,,,,,,,,,,,,,,,,,,,,,,,,,,,,,,,,,,,,,,,,,,,,,,,,,,,,,,,,,,,,,,,,,,,,,,,,,,,,,,0,4,2,6,0,4,2,6,0,0,0,0
Чай Сенча 100 гр,Tasty coffee,4,8,4,8,2,8,2,8,2,8,2,7,1,7,6,1,4,1,4,1,4,1,4,1,2,1,2,1,2,1,2,1,2,1,2,1,2,1,2,1,2,1,2,1,2,1,12,1,8,5,13,8,5,13,8,5,13,8,5,13,8,5,13,8,5,13,5,5,3,13,5,5,3,13,5,5,,5,5,1,11,5,5,1,11,5,5,0,10,3,5,1,9,6,4,2,12,6,4,2,12,0,0,0,0
Чай со специями Апельсиновый 100 гр,Tasty coffee,,,,,,,,,,,,,,,,,,,,,,,,,,,,,,,,,,,,,,,,,,,,,,,,,,,,,,,,,,,,,,,,,,,,,,,,,,,,,,,,,,,,,,,,,,,,,,0,0,0,0,0,0,0,0,0,0,0,0
Чай со специями Апельсин. 250 гр (НА БАР),Tasty coffee,,,,,,,,,,,,,,,,,,,,,,,,,,,,,,,,,,,,,,,,,,,,,,,,,,,,,,,,,,,,,,,,,,,,,,,,,,,,,,,,,,,,,,,,,,,,,,0,1,0,1,0,1,0,1,0,0,0,0
Чай Тегуанинь 100 гр,Tasty coffee,7,2,7,2,15,9,14,9,14,9,14,9,14,9,8,14,8,13,7,13,6,12,6,12,6,12,4,12,5,11,4,10,3,10,4,6,6,5,5,5,5,5,5,5,4,5,4,5,4,5,9,4,5,9,4,4,8,4,4,8,4,4,8,4,4,8,2,4,2,8,2,4,2,8,2,4,,2,4,1,7,2,4,1,7,2,4,1,7,2,3,1,6,8,6,2,16,8,6,0,14,1,0,1,2
Чай Тегуанинь 250 гр,Tasty coffee,,,,,,,,,0,4,0,4,2,2,2,2,2,2,2,2,2,2,2,2,2,2,2,2,2,2,2,2,2,2,2,2,2,2,2,2,2,2,2,2,2,2,2,2,2,2,4,2,2,4,2,2,4,2,2,4,2,2,4,2,1,3,1,1,1,3,1,1,1,3,1,1,,1,1,1,3,1,1,1,3,1,1,0,2,1,1,0,2,0,0,0,0,0,0,0,0,0,0,0,0
Чай Чабрец 100 гр,Tasty coffee,2,2,2,2,2,2,2,0,2,0,2,0,2,0,0,2,0,2,0,1,0,1,0,1,0,0,0,0,0,0,0,0,0,0,6,3,6,3,5,3,5,3,5,3,5,1,15,1,10,6,16,10,6,16,10,6,16,8,6,14,8,6,14,8,6,14,5,6,3,14,5,4,3,14,5,4,,4,4,4,12,3,4,4,11,3,3,3,9,2,3,2,7,0,5,1,6,0,5,1,6,2,2,2,6
Чай Черная смородина 100 гр,Tasty coffee,6,0,6,0,6,0,6,0,4,1,5,1,5,1,1,5,1,5,1,5,1,5,1,5,1,5,2,3,2,3,1,3,1,2,0,1,0,1,0,1,0,1,0,1,0,1,0,1,0,1,1,0,1,1,0,1,1,0,1,1,0,1,1,1,0,1,0,0,0,,0,0,0,,0,0,,0,0,0,,0,0,0,,0,0,0,,0,0,0,,1,1,0,2,1,1,0,2,3,2,2,7
Чай Эрл грей 100 гр,Tasty coffee,3,0,3,0,3,0,3,0,2,0,2,0,2,0,0,2,0,2,0,2,0,2,0,2,0,0,0,0,0,0,0,0,0,0,10,0,4,5,4,4,3,3,2,3,2,3,2,3,2,1,3,2,1,3,2,1,3,0,1,1,0,1,1,0,0,0,0,0,0,,0,0,0,,0,0,,0,0,0,,0,0,0,,0,0,0,,0,0,0,,2,2,3,7,2,1,1,4,4,1,2,7

Чай 50 / 100 гр   |    МОЙ ЧАЙ
"Новогодний чай ""Змей"" черный с травами и пряностями 50 гр",Мой ЧАЙ,,,,,,,,,,,,,,,,,,,,,,,,,,,,,,,,,,,,,,,,,,,,,,,,,,,,,,,,,,,,,,,,,,,,,,,,,,,,,,,,,,,,,,,,,,,,,,3,3,1,7,2,3,1,6,2,3,1,6
"Чай ""Август"" травяной сбор 80гр",Мой ЧАЙ,,,,,,,,,,,,,,,,,,,,,,,,,,,,,,,,,,,,,,,,,,,,,,,,,,,,,,,,,,,,,,,,,,,,,,,,,,,,,,,,,,,,,,,,,,,,,,3,3,2,8,3,3,2,8,3,3,2,8
"Чай ""Алтай"" травяной сбор 100 гр",Мой ЧАЙ,,,,,,,,,,,,,,,,,,,,,,,,,,,,,,,,,,,,,,,,,,,,,,,,,,,,,,,,,,,,,,,,,,,,,,,,,,,,,,,,,,,,,,,,,,,,,,2,1,1,4,2,1,1,4,2,1,1,4
"Чай ""Аууу"" травяной сбор 80 гр",Мой ЧАЙ,,,,,,,,,,,,,,,,,,,,,,,,,,,,,,,,,,,,,,,,,,,,,,,,,,,,,,,,,,,,,,,,,,,,,,,,,,,,,,,,,,,,,,,,,,,,,,2,1,1,4,2,0,1,3,2,0,1,3
"Чай ""Бабка"" с корнеплодами 80 гр",,,,,,,,,,,,,,,,,,,,,,,,,,,,,,,,,,,,,,,,,,,,,,,,,,,,,,,,,,,,,,,,,,,,,,,,,,,,,,,,,,,,,,,,,,,,,,,0,0,1,1,0,0,1,1,0,0,1,1
"Чай ""Боровик"" травяной сбор 50 гр",Мой ЧАЙ,,,,,,,,,,,,,,,,,,,,,,,,,,,,,,,,,,,,,,,,,,,,,,,,,,,,,,,,,,,,,,,,,,,,,,,,,,,,,,,,,,,,,,,,,,,,,,0,0,1,1,0,0,1,1,0,0,1,1
"Чай ""Буян"" 80 гр",Мой ЧАЙ,,,,,,,,,,,,,,,,,,,,,,,,,,,,,,,,,,,,,,,,,,,,,,,,,,,,,,,,,,,,,,,,,,,,,,,,,,,,,,,,,,,,,,,,,,,,,,0,1,1,2,0,0,0,0,0,0,0,0
"Чай ""Вишневое море"" 80 гр",Мой ЧАЙ,,,,,,,,,,,,,,,,,,,,,,,,,,,,,,,,,,,,,,,,,,,,,,,,,,,,,,,,,,,,,,,,,,,,,,,,,,,,,,,,,,,,,,,,,,,,,,2,1,2,5,0,0,1,1,0,0,0,0
"Чай ""Габа Иван чай"" 80 гр",Мой ЧАЙ,,,,,,,,,,,,,,,,,,,,,,,,,,,,,,,,,,,,,,,,,,,,,,,,,,,,,,,,,,,,,,,,,,,,,,,,,,,,,,,,,,,,,,,,,,,,,,2,1,1,4,2,1,1,4,2,1,1,4
"Чай ""ГорМа"" 80 гр",Мой ЧАЙ,,,,,,,,,,,,,,,,,,,,,,,,,,,,,,,,,,,,,,,,,,,,,,,,,,,,,,,,,,,,,,,,,,,,,,,,,,,,,,,,,,,,,,,,,,,,,,2,4,2,8,1,4,2,7,1,2,1,4
"Чай ""Деревенский"" 50 гр",Мой ЧАЙ,,,,,,,,,,,,,,,,,,,,,,,,,,,,,,,,,,,,,,,,,,,,,,,,,,,,,,,,,,,,,,,,,,,,,,,,,,,,,,,,,,,,,,,,,,,,,,5,1,2,8,5,1,1,7,4,1,1,6
"Чай ""Дивный"" 80 гр",Мой ЧАЙ,,,,,,,,,,,,,,,,,,,,,,,,,,,,,,,,,,,,,,,,,,,,,,,,,,,,,,,,,,,,,,,,,,,,,,,,,,,,,,,,,,,,,,,,,,,,,,3,0,3,6,3,0,2,5,3,0,2,5
"Чай ""Женский"" Перукуа 80 гр",Мой ЧАЙ,,,,,,,,,,,,,,,,,,,,,,,,,,,,,,,,,,,,,,,,,,,,,,,,,,,,,,,,,,,,,,,,,,,,,,,,,,,,,,,,,,,,,,,,,,,,,,0,0,0,0,0,0,0,0,0,0,0,0
"Чай ""Закатный ветер"" 80 гр",,,,,,,,,,,,,,,,,,,,,,,,,,,,,,,,,,,,,,,,,,,,,,,,,,,,,,,,,,,,,,,,,,,,,,,,,,,,,,,,,,,,,,,,,,,,,,,4,2,3,9,4,2,3,9,4,2,3,9
"Чай ""Зов Духа"" 80 гр",,,,,,,,,,,,,,,,,,,,,,,,,,,,,,,,,,,,,,,,,,,,,,,,,,,,,,,,,,,,,,,,,,,,,,,,,,,,,,,,,,,,,,,,,,,,,,,0,0,2,2,0,0,1,1,0,0,1,1
"Чай ""Иван в красном халате"" 80 гр",Мой ЧАЙ,,,,,,,,,,,,,,,,,,,,,,,,,,,,,,,,,,,,,,,,,,,,,,,,,,,,,,,,,,,,,,,,,,,,,,,,,,,,,,,,,,,,,,,,,,,,,,0,2,1,3,0,2,1,3,0,2,1,3
"Чай ""Йогическая сила"" зеленый чай с травами 80 гр",Мой ЧАЙ,,,,,,,,,,,,,,,,,,,,,,,,,,,,,,,,,,,,,,,,,,,,,,,,,,,,,,,,,,,,,,,,,,,,,,,,,,,,,,,,,,,,,,,,,,,,,,0,0,0,0,0,0,0,0,0,0,0,0
"Чай ""Крепкая дружба"" с чабрецом 80 гр",Мой ЧАЙ,,,,,,,,,,,,,,,,,,,,,,,,,,,,,,,,,,,,,,,,,,,,,,,,,,,,,,,,,,,,,,,,,,,,,,,,,,,,,,,,,,,,,,,,,,,,,,4,4,4,12,4,4,3,11,4,4,3,11
"Чай ""Лесная тишь 80 гр""",,,,,,,,,,,,,,,,,,,,,,,,,,,,,,,,,,,,,,,,,,,,,,,,,,,,,,,,,,,,,,,,,,,,,,,,,,,,,,,,,,,,,,,,,,,,,,,0,2,2,4,0,2,1,3,0,2,1,3
"Чай ""Лесной"" 50 гр",,,,,,,,,,,,,,,,,,,,,,,,,,,,,,,,,,,,,,,,,,,,,,,,,,,,,,,,,,,,,,,,,,,,,,,,,,,,,,,,,,,,,,,,,,,,,,,2,1,2,5,0,0,1,1,0,0,1,1
"Чай ""Лесной Шу"" пуэр с травами",Мой ЧАЙ,,,,,,,,,,,,,,,,,,,,,,,,,,,,,,,,,,,,,,,,,,,,,,,,,,,,,,,,,,,,,,,,,,,,,,,,,,,,,,,,,,,,,,,,,,,,,,0,0,1,1,0,0,1,1,0,0,1,1
"Чай ""Леший"" травяной с мухомором 80 гр",Мой ЧАЙ,,,,,,,,,,,,,,,,,,,,,,,,,,,,,,,,,,,,,,,,,,,,,,,,,,,,,,,,,,,,,,,,,,,,,,,,,,,,,,,,,,,,,,,,,,,,,,3,4,1,8,2,1,1,4,2,0,1,3
"Чай ""Педагогическая сила"" травяной с валерьяной 80 гр",Мой ЧАЙ,,,,,,,,,,,,,,,,,,,,,,,,,,,,,,,,,,,,,,,,,,,,,,,,,,,,,,,,,,,,,,,,,,,,,,,,,,,,,,,,,,,,,,,,,,,,,,0,0,4,4,0,0,3,3,0,0,3,3
"Чай ""Пряный"" черный с пряностями 80 гр",Мой ЧАЙ,,,,,,,,,,,,,,,,,,,,,,,,,,,,,,,,,,,,,,,,,,,,,,,,,,,,,,,,,,,,,,,,,,,,,,,,,,,,,,,,,,,,,,,,,,,,,,0,1,0,1,0,1,0,1,0,0,0,0
"Чай ""Радость"" 80 гр",Мой ЧАЙ,,,,,,,,,,,,,,,,,,,,,,,,,,,,,,,,,,,,,,,,,,,,,,,,,,,,,,,,,,,,,,,,,,,,,,,,,,,,,,,,,,,,,,,,,,,,,,0,1,0,1,0,1,0,1,0,0,0,0
"Чай ""Северный"" с солодкой 50 гр",Мой ЧАЙ,,,,,,,,,,,,,,,,,,,,,,,,,,,,,,,,,,,,,,,,,,,,,,,,,,,,,,,,,,,,,,,,,,,,,,,,,,,,,,,,,,,,,,,,,,,,,,3,1,2,6,2,1,2,5,2,1,2,5
Чай «Сорока Ворона»  с травами и ягодами 80гр,Мой ЧАЙ,,,,,,,,,,,,,,,,,,,,,,,,,,,,,,,,,,,,,,,,,,,,,,,,,,,,,,,,,,,,,,,,,,,,,,,,,,,,,,,,,,,,,,,,,,,,,,7,6,3,16,7,6,3,16,7,6,3,16
"Чай ""Успокоительный"" 80 гр",Мой ЧАЙ,,,,,,,,,,,,,,,,,,,,,,,,,,,,,,,,,,,,,,,,,,,,,,,,,,,,,,,,,,,,,,,,,,,,,,,,,,,,,,,,,,,,,,,,,,,,,,0,0,2,2,0,0,2,2,0,0,2,2
"Чай ""Хвойная диковина"" 80 гр",Мой ЧАЙ,,,,,,,,,,,,,,,,,,,,,,,,,,,,,,,,,,,,,,,,,,,,,,,,,,,,,,,,,,,,,,,,,,,,,,,,,,,,,,,,,,,,,,,,,,,,,,3,1,2,6,3,0,2,5,2,0,2,4
"Чай ""Шу пуэр"" 2017 г. 50 гр",,,,,,,,,,,,,,,,,,,,,,,,,,,,,,,,,,,,,,,,,,,,,,,,,,,,,,,,,,,,,,,,,,,,,,,,,,,,,,,,,,,,,,,,,,,,,,,0,1,0,1,0,0,0,0,0,0,0,0
"Чай ""Шуликун"" 80 гр",Мой ЧАЙ,,,,,,,,,,,,,,,,,,,,,,,,,,,,,,,,,,,,,,,,,,,,,,,,,,,,,,,,,,,,,,,,,,,,,,,,,,,,,,,,,,,,,,,,,,,,,,10,5,3,18,9,5,3,17,8,5,3,16

Шоколад Cacava
Белый шоколад ВАНИЛЬНОЕ НЕБО,Cacava,,,,,,,,,,,,,,,,,,,,,,,,,,,,,,,,,,,,,,,,,,,,,,,,,,,,,,,,,,,,,,,,,,,,,,,,,,,10,1,,,,,,,,,,6,2,3,11,,,,0,4,3,2,9,4,3,2,9,4,3,1,8
Белый шоколад ГРЕШЬЮ,Cacava,,,,,,,,,,,,,,,,,,,,,,,,,,,,,,,,,,,,,,,,,,,,,,,,,,,,,,,,,,,,,,,,,,,,,,,,,,,10,5,,,,,,,,,,4,7,5,16,,,,0,4,2,2,8,3,2,2,7,3,2,1,6
Белый шоколад КЛУБНИЧНЫЙ СОРБЕТ,Cacava,,,,,,,,,,,,,,,,,,,,,,,,,,,,,,,,,,,,,,,,,,,,,,,,,,,,,,,,,,,,,,,,,,,,,,,,,,,,,,,,,,,,,,,,,,,,,,4,0,3,7,4,0,3,7,4,0,3,7
Белый шоколад МАЛИНОВЫЙ БАМБЛ,Cacava,,,,,,,,,,,,,,,,,,,,,,,,,,,,,,,,,,,,,,,,,,,,,,,,,,,,,,,,,,,,,,,,,,,,,,,,,,,10,,,,,,,,,,,2,2,5,9,,,,0,0,3,4,7,0,3,2,5,0,2,2,4
Белый шоколад РАФАЭЛЬ,Cacava,,,,,,,,,,,,,,,,,,,,,,,,,,,,,,,,,,,,,,,,,,,,,,,,,,,,,,,,,,,,,,,,,,,,,,,,,,,,,,,,,,,,,,,,,,,,,,0,0,1,1,0,0,1,1,0,0,1,1
Белый шоколад ФИСТАШКОВАЯ НЯШКА,Cacava,,,,,,,,,,,,,,,,,,,,,,,,,,,,,,,,,,,,,,,,,,,,,,,,,,,,,,,,,,,,,,,,,,,,,,,,,,,10,,,,,,,,,,,6,3,2,11,,,,0,0,0,0,0,0,0,0,0,0,0,0,0
Драже КОФЕСТАШКА,,,,,,,,,,,,,,,,,,,,,,,,,,,,,,,,,,,,,,,,,,,,,,,,,,,,,,,,,,,,,,,,,,,,,,,,,,,,,,,,,,,,,,,,,,,,,,,6,3,2,11,13,6,2,21,11,6,3,20
Драже ФИСТАШКА В ШОКОЛАДЕ,,,,,,,,,,,,,,,,,,,,,,,,,,,,,,,,,,,,,,,,,,,,,,,,,,,,,,,,,,,,,,,,,,,,,,,,,,,,,,,,,,,,,,,,,,,,,,,4,0,2,6,10,2,2,14,8,0,3,11
Какао Cacava 200 гр ,Cacava,,,,,,,,,,,,,,,,,,,,,,,,,,,,,,,,,,,,,,,,,,,,,,,,,,,,,,,,,,,,,,,,,,,,,,,,,,,4,2,,,,,,,,,,4,2,2,8,,,,0,0,0,0,0,4,0,0,4,2,1,0,3
Молочный шоколад Бразилия Bom Jesus 50%,Cacava,,,,,,,,,,,,,,,,,,,,,,,,,,,,,,,,,,,,,,,,,,,,,,,,,,,,,,,,,,,,,,,,,,,,,,,,,,,,,,,,,,,,,,,,,,,,,,0,0,0,0,0,0,0,0,0,0,0,0
Молочный шоколад  БРАЗИЛИЯ Liara 50%,Cacava,,,,,,,,,,,,,,,,,,,,,,,,,,,,,,,,,,,,,,,,,,,,,,,,,,,,,,,,,,,,,,,,,,,,,,,,,,,,,,,,,,,,,,,,,,,,,,4,0,3,7,3,0,2,5,3,0,2,5
Молочный шоколад  Гречишка,,,,,,,,,,,,,,,,,,,,,,,,,,,,,,,,,,,,,,,,,,,,,,,,,,,,,,,,,,,,,,,,,,,,,,,,,,,,,,,,,,,,,,,,,,,,,,,,,,,6,0,0,,2,2,2
Молочный шоколад ДОМИНИКАНА 50%,Cacava,,,,,,,,,,,,,,,,,,,,,,,,,,,,,,,,,,,,,,,,,,,,,,,,,,,,,,,,,,,,,,,,,,,,,,,,,,,,,,,,,,,,,,,,,,,,,,0,0,1,1,0,0,1,1,0,0,1,1
Молочный шоколад ИНДОНЕЗИЯ West bali 50% ,Cacava,,,,,,,,,,,,,,,,,,,,,,,,,,,,,,,,,,,,,,,,,,,,,,,,,,,,,,,,,,,,,,,,,,,,,,,,,,,18,,,,,,,,,,,4,4,8,16,,,,0,5,3,2,10,6,5,2,13,6,5,1,12
Молочный шоколад КАПУЧИНО НА КОКОСЕ,,,,,,,,,,,,,,,,,,,,,,,,,,,,,,,,,,,,,,,,,,,,,,,,,,,,,,,,,,,,,,,,,,,,,,,,,,,,,,,,,,,,,,,,,,,,,,,2,0,2,4,0,0,2,2,0,0,2,2
Молочный шоколад КАРАМЕЛЬНЫЙ lemon curd ,Cacava,,,,,,,,,,,,,,,,,,,,,,,,,,,,,,,,,,,,,,,,,,,,,,,,,,,,,,,,,,,,,,,,,,,,,,,,,,,,,,,,,,,,,,,,,,,,,,0,0,2,2,9,0,1,10,5,0,2,7
Молочный шоколад МОРОЖЕНКА,Cacava,,,,,,,,,,,,,,,,,,,,,,,,,,,,,,,,,,,,,,,,,,,,,,,,,,,,,,,,,,,,,,,,,,,,,,,,,,,,,,,,,,,,,,,,,,,,,,2,1,1,4,5,3,1,9,5,3,1,9
Молочный шоколад НА ЭРИТРИТЕ / 50%,Cacava,,,,,,,,,,,,,,,,,,,,,,,,,,,,,,,,,,,,,,,,,,,,,,,,,,,,,,,,,,,,,,,,,,,,,,,,,,,10,1,,,,,,,,,,7,3,5,15,,,,0,1,2,0,3,4,3,0,7,2,2,0,4
Молочный шоколад неДубайский,,,,,,,,,,,,,,,,,,,,,,,,,,,,,,,,,,,,,,,,,,,,,,,,,,,,,,,,,,,,,,,,,,,,,,,,,,,,,,,,,,,,,,,,,,,,,,,0,0,1,1,4,0,1,5,2,0,0,2
Молочный шоколад НИКАРАГУА O'Tuma 50%,Cacava,,,,,,,,,,,,,,,,,,,,,,,,,,,,,,,,,,,,,,,,,,,,,,,,,,,,,,,,,,,,,,,,,,,,,,,,,,,,,,,,,,,,,,,,,,,,,,0,0,1,1,0,0,1,1,0,0,1,1
Молочный шоколад ТАИЛАНД Chanthaburi 50%,Cacava,,,,,,,,,,,,,,,,,,,,,,,,,,,,,,,,,,,,,,,,,,,,,,,,,,,,,,,,,,,,,,,,,,,,,,,,,,,,,,,,,,,,,,,,,,,,,,5,3,3,11,3,3,3,9,2,3,3,8
Молочный шоколад ТАЙНА ВОНКИ,Cacava,,,,,,,,,,,,,,,,,,,,,,,,,,,,,,,,,,,,,,,,,,,,,,,,,,,,,,,,,,,,,,,,,,,,,,,,,,,11,,,,,,,,,,,5,0,6,11,,,,0,1,1,1,3,7,1,0,8,5,2,0,7
Молочный шоколад УГАНДА 50%,,,,,,,,,,,,,,,,,,,,,,,,,,,,,,,,,,,,,,,,,,,,,,,,,,,,,,,,,,,,,,,,,,,,,,,,,,,,,,,,,,,,,,,,,,,,,,,,,,,6,3,1,,6,1,0
Молочный шоколад ЧЕРНИКА,Cacava,,,,,,,,,,,,,,,,,,,,,,,,,,,,,,,,,,,,,,,,,,,,,,,,,,,,,,,,,,,,,,,,,,,,,,,,,,,,,,,,,,,,,,,,,,,,,,,,,0,3,0,0,3,3,0,0,3
Молочный шоколад УГАНДА 50%,,,,,,,,,,,,,,,,,,,,,,,,,,,,,,,,,,,,,,,,,,,,,,,,,,,,,,,,,,,,,,,,,,,,,,,,,,,,,,,,,,,,,,,,,,,,,,,1,0,2,3,1,0,1,2,0,0,0,0
Молочный шоколад ЭКВАДОР 50%,Cacava,,,,,,,,,,,,,,,,,,,,,,,,,,,,,,,,,,,,,,,,,,,,,,,,,,,,,,,,,,,,,,,,,,,,,,,,,,,,,,,,,,,,,,,,,,,,,,4,3,2,9,9,6,2,17,9,6,1,16
Темный шоколад 70% ДОМИНИКАНА,Cacava,,,,,,,,,,,,,,,,,,,,,,,,,,,,,,,,,,,,,,,,,,,,,,,,,,,,,,,,,,,,,,,,,,,,,,,,,,,,,,,,,,,,,,,,,,,,,,,,0,0,2,0,0,2,1,1,0,2
Темный шоколад 72% какао / БРАЗИЛИЯ Liara,Cacava,,,,,,,,,,,,,,,,,,,,,,,,,,,,,,,,,,,,,,,,,,,,,,,,,,,,,,,,,,,,,,,,,,,,,,,,,,,4,,,,,,,,,,,4,0,2,6,,,,0,0,0,0,0,0,0,0,0,0,0,0,0
Темный шоколад БРАЗИЛИЯ / 66% какао,Cacava,,,,,,,,,,,,,,,,,,,,,,,,,,,,,,,,,,,,,,,,,,,,,,,,,,,,,,,,,,,,,,,,,,,,,,,,,,,18,,,,,,,,,,,12,4,5,21,,,,0,0,0,0,0,3,1,0,4,3,0,0,3
Темный шоколад ВЬЕТНАМ OCA 70%,Cacava,,,,,,,,,,,,,,,,,,,,,,,,,,,,,,,,,,,,,,,,,,,,,,,,,,,,,,,,,,,,,,,,,,,,,,,,,,,,,,,,,,,,,,,,,,,,,,0,0,0,0,2,1,0,3,2,1,0,3
Темный шоколад ГОНДУРАС 70%,Cacava,,,,,,,,,,,,,,,,,,,,,,,,,,,,,,,,,,,,,,,,,,,,,,,,,,,,,,,,,,,,,,,,,,,,,,,,,,,,,,,,,,,,,,,,,,,,,,0,0,0,0,2,0,0,2,0,1,0,1
Темный шоколад ДОМИНИКАНА 88% ,Cacava,,,,,,,,,,,,,,,,,,,,,,,,,,,,,,,,,,,,,,,,,,,,,,,,,,,,,,,,,,,,,,,,,,,,,,,,,,,,,,,,,,,,,,,,,,,,,,0,0,0,0,0,0,0,0,0,0,0,0
Темный шоколад ИНДОНЕЗИЯ Ransiki ,Cacava,,,,,,,,,,,,,,,,,,,,,,,,,,,,,,,,,,,,,,,,,,,,,,,,,,,,,,,,,,,,,,,,,,,,,,,,,,,10,1,,,,,,,,,,7,2,5,14,,,,0,0,0,0,0,0,0,0,0,0,0,0,0
Темный шоколад КАСКАРИЦА,Cacava,,,,,,,,,,,,,,,,,,,,,,,,,,,,,,,,,,,,,,,,,,,,,,,,,,,,,,,,,,,,,,,,,,,,,,,,,,,10,,,,,,,,,,,6,3,4,13,,,,0,0,0,0,0,0,0,0,0,0,0,0,0
Темный шоколад ГРЕНАДА 88%,Cacava,,,,,,,,,,,,,,,,,,,,,,,,,,,,,,,,,,,,,,,,,,,,,,,,,,,,,,,,,,,,,,,,,,,,,,,,,,,,,,,,,,,,,,,,,,,,,,,,0,0,,,0,0,,,0,0
Темный шоколад ДВА ПЕРЦА 70%,Cacava,,,,,,,,,,,,,,,,,,,,,,,,,,,,,,,,,,,,,,,,,,,,,,,,,,,,,,,,,,,,,,,,,,,,,,,,,,,,,,,,,,,,,,,,,,,,,,,,0,0,,,0,0,,,0,0
Темный шоколад КОЛУМБИЯ Anei 70%,Cacava,,,,,,,,,,,,,,,,,,,,,,,,,,,,,,,,,,,,,,,,,,,,,,,,,,,,,,,,,,,,,,,,,,,,,,,,,,,,,,,,,,,,,,,,,,,,,,0,0,0,0,0,0,0,0,0,0,0,0
Темный шоколад НА КОКОСЕ / 70% какао,Cacava,,,,,,,,,,,,,,,,,,,,,,,,,,,,,,,,,,,,,,,,,,,,,,,,,,,,,,,,,,,,,,,,,,,,,,,,,,,7,,,,,,,,,,,7,0,5,12,,,,0,,,,0,,,,0,,,,0
Темный шоколад КОСТА-РИКА Nahua 70%,Cacava,,,,,,,,,,,,,,,,,,,,,,,,,,,,,,,,,,,,,,,,,,,,,,,,,,,,,,,,,,,,,,,,,,,,,,,,,,,,,,,,,,,,,,,,,,,,,,,,,0,,,,0,,,,0
Темный шоколад ЛИМОННЫЙ БАЗИЛИК,Cacava,,,,,,,,,,,,,,,,,,,,,,,,,,,,,,,,,,,,,,,,,,,,,,,,,,,,,,,,,,,,,,,,,,,,,,,,,,,,,,,,,,,,,,,,,,,,,,0,0,0,0,2,0,0,2,1,0,0,1
Темный шоколад МАНГО В КУБЕ,Cacava,,,,,,,,,,,,,,,,,,,,,,,,,,,,,,,,,,,,,,,,,,,,,,,,,,,,,,,,,,,,,,,,,,,,,,,,,,,,,,,,,,,,,,,,,,,,,,4,3,3,10,9,5,1,15,6,4,3,13
Темный шоколад НА ЭРИТРИТЕ / 70%,Cacava,,,,,,,,,,,,,,,,,,,,,,,,,,,,,,,,,,,,,,,,,,,,,,,,,,,,,,,,,,,,,,,,,,,,,,,,,,,10,,,,,,,,,,,6,2,4,12,,,,0,1,0,2,3,2,0,0,2,1,1,0,2
Темный шоколад ПЕРУАНСКАЯ ВИШНЯ ,Cacava,,,,,,,,,,,,,,,,,,,,,,,,,,,,,,,,,,,,,,,,,,,,,,,,,,,,,,,,,,,,,,,,,,,,,,,,,,,,,,,,,,,,,,,,,,,,,,5,0,1,6,6,0,0,6,2,2,0,4
Темный шоколад Перу Marañon / 70% какао,Cacava,,,,,,,,,,,,,,,,,,,,,,,,,,,,,,,,,,,,,,,,,,,,,,,,,,,,,,,,,,,,,,,,,,,,,,,,,,,7,,,,,,,,,,,4,2,3,9,,,,0,,,0,0,1,0,0,1,1,0,0,1
Темный шоколад ПРЯНАЯ КЛУБНИКА,Cacava,,,,,,,,,,,,,,,,,,,,,,,,,,,,,,,,,,,,,,,,,,,,,,,,,,,,,,,,,,,,,,,,,,,,,,,,,,,,,,,,,,,,,,,,,,,,,,0,0,2,2,11,0,1,12,8,2,0,10
Темный шоколад ТАИЛАНД 68%,Cacava,,,,,,,,,,,,,,,,,,,,,,,,,,,,,,,,,,,,,,,,,,,,,,,,,,,,,,,,,,,,,,,,,,,,,,,,,,,,,,,,,,,,,,,,,,,,,,0,0,0,0,2,0,0,2,1,0,1,2
Темный шоколад ТАНЗАНИЯ 70%,,,,,,,,,,,,,,,,,,,,,,,,,,,,,,,,,,,,,,,,,,,,,,,,,,,,,,,,,,,,,,,,,,,,,,,,,,,,,,,,,,,,,,,,,,,,,,,,,,,1,0,0,,1,0,0
Темный шоколад УГАНДА / 88% какао,Cacava,,,,,,,,,,,,,,,,,,,,,,,,,,,,,,,,,,,,,,,,,,,,,,,,,,,,,,,,,,,,,,,,,,,,,,,,,,,2,,,,,,,,,,,0,0,1,1,,,,0,0,0,0,0,1,0,0,1,0,0,0,0
Темный шоколад УРАЛЬСКАЯ БРУСНИКА ,Cacava,,,,,,,,,,,,,,,,,,,,,,,,,,,,,,,,,,,,,,,,,,,,,,,,,,,,,,,,,,,,,,,,,,,,,,,,,,,19,,,,,,,,,,,13,2,7,22,,,,0,5,0,1,6,16,2,0,18,8,5,3,16
Темный шоколад ЧАЙ С МАЛИНОЙ,,,,,,,,,,,,,,,,,,,,,,,,,,,,,,,,,,,,,,,,,,,,,,,,,,,,,,,,,,,,,,,,,,,,,,,,,,,,,,,,,,,,,,,,,,,,,,,0,0,0,0,10,4,0,14,7,4,3,14
Темный шоколад ЭКВАДОР 88%,,,,,,,,,,,,,,,,,,,,,,,,,,,,,,,,,,,,,,,,,,,,,,,,,,,,,,,,,,,,,,,,,,,,,,,,,,,,,,,,,,,,,,,,,,,,,,,,,,,2,0,0,,2,0,0
Шоколад БАНАНОВЫЙ ВАЙБ ,Cacava,,,,,,,,,,,,,,,,,,,,,,,,,,,,,,,,,,,,,,,,,,,,,,,,,,,,,,,,,,,,,,,,,,,,,,,,,,,,,,,,,,,,,,,,,,,,,,0,0,3,3,5,3,2,10,5,3,1,9
Неактуально
Шоколад 100% Уганда Semuliki Forest,,,,,,,,,,,,,,,,,,,,,,,,,,,,,,,,,,,,,,,,,,,,,,,,,,,,,,,,,,,,,,,,,,,,,,,,,,,,,,,,,,,,,,,,,,,,,,,0,0,0,0,0,0,0,0,0,0,0,0
Шоколад Вьетнам OCA 100%,,,,,,,,,,,,,,,,,,,,,,,,,,,,,,,,,,,,,,,,,,,,,,,,,,,,,,,,,,,,,,,,,,,,,,,,,,,,,,,,,,,,,,,,,,,,,,,0,0,0,0,0,0,0,0,0,0,0,0
Шоколад 100% Индонезия West Bali,Cacava,,,,,,,,,,,,,,,,,,,,,,,,,,,,,,,,,,,,,,,,,,,,,,,,,,,,,,,,,,,,,,,,,,,,,,,,,,,,,,,,,,,,,,,,,,,,,,0,0,0,0,0,0,0,0,0,0,0,0
Шоколад Гондурас Asopropib 100%,Cacava,,,,,,,,,,,,,,,,,,,,,,,,,,,,,,,,,,,,,,,,,,,,,,,,,,,,,,,,,,,,,,,,,,,,,,,,,,,,,,,,,,,,,,,,,,,,,,0,0,0,0,0,0,0,0,0,0,0,0
Темный шоколад МАДАГАСКАР 70%,Cacava,,,,,,,,,,,,,,,,,,,,,,,,,,,,,,,,,,,,,,,,,,,,,,,,,,,,,,,,,,,,,,,,,,,,,,,,,,,,,,,,,,,,,,,,,,,,,,,,,0,0,,,0,0,,,0
Темный шоколад Перу АМАЗОНАС / 70% какао,Cacava,,,,,,,,,,,,,,,,,,,,,,,,,,,,,,,,,,,,,,,,,,,,,,,,,,,,,,,,,,,,,,,,,,,,,,,,,,,9,,,,,,,,,,,5,1,4,10,,,,0,0,0,0,0,0,0,0,0,0,0,0,0
Темный шоколад ФИЛИППИНЫ 70% / 88%,Cacava,,,,,,,,,,,,,,,,,,,,,,,,,,,,,,,,,,,,,,,,,,,,,,,,,,,,,,,,,,,,,,,,,,,,,,,,,,,,,,,,,,,,,,,,,,,,,,,,,0,0,,,0,0,,,0
